unique_id,ds,y,months_to_wc
CMR,2021-08-01,0.010127289065131,-5
CMR,2021-09-01,-0.0002605080787987,-4
CMR,2021-10-01,0.003716306673736,-3
CMR,2021-11-01,-0.0042867093115292,-2
CMR,2021-12-01,0.0534603530475872,-1
CMR,2022-01-01,0.1585520664676013,0
CMR,2022-02-01,0.1527353013890348,1
CMR,2022-03-01,0.1402326607937195,2
CMR,2022-04-01,0.0905679422686572,3
CMR,2022-05-01,0.0820305067530997,4
CMR,2022-06-01,0.1139948381004775,5
CMR,2022-07-01,0.1025261563152328,6
EGY,2019-02-01,0.0191050779286077,-5
EGY,2019-03-01,-0.0025138260432376,-4
EGY,2019-04-01,-0.0170940170940169,-3
EGY,2019-05-01,-0.0095525389643038,-2
EGY,2019-06-01,0.0231271995977885,-1
EGY,2019-07-01,0.0372046254399195,0
EGY,2019-08-01,0.0497737556561089,1
EGY,2019-09-01,3.6580983480057454e-16,2
EGY,2019-10-01,0.0040221216691808,3
EGY,2019-11-01,0.011060834590247,4
EGY,2019-12-01,-0.0145801910507794,5
EGY,2020-01-01,-0.0025138260432383,6
QAT,2022-06-01,0.0185358567091839,-5
QAT,2022-07-01,-0.0257836405774419,-4
QAT,2022-08-01,0.0802643197321045,-3
QAT,2022-09-01,0.0548176201314829,-2
QAT,2022-10-01,0.0596020235211829,-1
QAT,2022-11-01,0.1266696632029448,0
QAT,2022-12-01,0.0762179711448525,1
QAT,2023-01-01,0.0812056664645463,2
QAT,2023-02-01,0.0762155694152541,3
QAT,2023-03-01,0.1135987481100012,4
QAT,2023-04-01,0.0448215712807947,5
QAT,2023-05-01,0.1193237420994868,6
RSA,2010-01-01,0.0238463709160999,-5
RSA,2010-02-01,0.0316988830892094,-4
RSA,2010-03-01,0.0665544158848105,-3
RSA,2010-04-01,0.0823564688367721,-2
RSA,2010-05-01,0.0668186899958253,-1
RSA,2010-06-01,0.0795921318058577,0
RSA,2010-07-01,0.0650645491117626,1
RSA,2010-08-01,0.0542004130116051,2
RSA,2010-09-01,-0.0083160129267671,3
RSA,2010-10-01,0.0036538786413679,4
RSA,2010-11-01,-0.0005005092209658,5
RSA,2010-12-01,0.0242516280247412,6
RUS,2018-01-01,0.0067726549530417,-5
RUS,2018-02-01,0.0290203837498576,-4
RUS,2018-03-01,0.0490518282608396,-3
RUS,2018-04-01,0.0415841109116179,-2
RUS,2018-05-01,0.0434279535196054,-1
RUS,2018-06-01,0.0422349514615775,0
RUS,2018-07-01,0.0618241580716277,1
RUS,2018-08-01,0.046984841784261,2
RUS,2018-09-01,0.0368556963266248,3
RUS,2018-10-01,0.0225850550407483,4
RUS,2018-11-01,0.031669623963956,5
RUS,2018-12-01,0.0442016442050798,6
QAT_aug_0,2022-06-01,-0.02824451463594126,-5
QAT_aug_0,2022-07-01,0.0809151662925874,-4
QAT_aug_0,2022-08-01,0.04968158750337595,-3
QAT_aug_0,2022-09-01,0.05369179986443101,-2
QAT_aug_0,2022-10-01,0.12335671948402047,-1
QAT_aug_0,2022-11-01,0.059489894640001026,0
QAT_aug_0,2022-12-01,0.06435597619826647,1
QAT_aug_0,2023-01-01,0.06805684463367213,2
QAT_aug_0,2023-02-01,0.10146775433328531,3
QAT_aug_0,2023-03-01,0.04475909001943925,4
QAT_aug_0,2023-04-01,0.1083350560264348,5
QAT_aug_0,2023-05-01,0.006959815366074092,6
QAT_aug_1,2022-06-01,-0.014100990022703756,-5
QAT_aug_1,2022-07-01,0.07650993706071031,-4
QAT_aug_1,2022-08-01,0.05318518469992479,-3
QAT_aug_1,2022-09-01,0.04698232164570772,-2
QAT_aug_1,2022-10-01,0.1170352339459091,-1
QAT_aug_1,2022-11-01,0.07374348628138437,0
QAT_aug_1,2022-12-01,0.06977054788284658,1
QAT_aug_1,2023-01-01,0.07537582799698782,2
QAT_aug_1,2023-02-01,0.10510677737938445,3
QAT_aug_1,2023-03-01,0.04064179110885538,4
QAT_aug_1,2023-04-01,0.1102215192649217,5
QAT_aug_1,2023-05-01,0.030981600829387876,6
QAT_aug_2,2022-06-01,-0.024911846021915807,-5
QAT_aug_2,2022-07-01,0.06950424118777114,-4
QAT_aug_2,2022-08-01,0.05810392965683817,-3
QAT_aug_2,2022-09-01,0.04889358345201803,-2
QAT_aug_2,2022-10-01,0.1227041670906858,-1
QAT_aug_2,2022-11-01,0.05909499148620385,0
QAT_aug_2,2022-12-01,0.0672218327904227,1
QAT_aug_2,2023-01-01,0.07385061363562993,2
QAT_aug_2,2023-02-01,0.11476356643697476,3
QAT_aug_2,2023-03-01,0.044852685627772705,4
QAT_aug_2,2023-04-01,0.11413442180060772,5
QAT_aug_2,2023-05-01,0.015577728500594577,6
QAT_aug_3,2022-06-01,-0.035619492085517235,-5
QAT_aug_3,2022-07-01,0.07105728062278271,-4
QAT_aug_3,2022-08-01,0.048858244396765504,-3
QAT_aug_3,2022-09-01,0.06475163331736021,-2
QAT_aug_3,2022-10-01,0.12504622652581562,-1
QAT_aug_3,2022-11-01,0.06073256764697585,0
QAT_aug_3,2022-12-01,0.07943817271542271,1
QAT_aug_3,2023-01-01,0.07064277000994997,2
QAT_aug_3,2023-02-01,0.10414417134447537,3
QAT_aug_3,2023-03-01,0.047162005711425425,4
QAT_aug_3,2023-04-01,0.12271273381172533,5
QAT_aug_3,2023-05-01,0.025319182623055506,6
QAT_aug_4,2022-06-01,0.01170448991215278,-5
QAT_aug_4,2022-07-01,-0.027598116923530674,-4
QAT_aug_4,2022-08-01,0.07942615084035812,-3
QAT_aug_4,2022-09-01,0.06007131836346499,-2
QAT_aug_4,2022-10-01,0.05448270614972826,-1
QAT_aug_4,2022-11-01,0.1202989870221882,0
QAT_aug_4,2022-12-01,0.06512605077538147,1
QAT_aug_4,2023-01-01,0.0687025984185903,2
QAT_aug_4,2023-02-01,0.07847713998891921,3
QAT_aug_4,2023-03-01,0.1196747254465901,4
QAT_aug_4,2023-04-01,0.04349417436705192,5
QAT_aug_4,2023-05-01,0.1221980854263763,6
QAT_aug_5,2022-06-01,0.020481348208860835,-5
QAT_aug_5,2022-07-01,-0.029302075769151014,-4
QAT_aug_5,2022-08-01,0.07950055481797734,-3
QAT_aug_5,2022-09-01,0.06418885145813674,-2
QAT_aug_5,2022-10-01,0.058075456727388085,-1
QAT_aug_5,2022-11-01,0.13339915960108387,0
QAT_aug_5,2022-12-01,0.05518589734388592,1
QAT_aug_5,2023-01-01,0.08260196061636735,2
QAT_aug_5,2023-02-01,0.0743642546322553,3
QAT_aug_5,2023-03-01,0.10722478346696944,4
QAT_aug_5,2023-04-01,0.0436256650656285,5
QAT_aug_5,2023-05-01,0.10034782452863951,6
QAT_aug_6,2022-06-01,0.01623265594701332,-5
QAT_aug_6,2022-07-01,-0.022340520133886425,-4
QAT_aug_6,2022-08-01,0.088256655498897,-3
QAT_aug_6,2022-09-01,0.04990897517228658,-2
QAT_aug_6,2022-10-01,0.05120605055501459,-1
QAT_aug_6,2022-11-01,0.11770825221252736,0
QAT_aug_6,2022-12-01,0.07968090436646061,1
QAT_aug_6,2023-01-01,0.0810939135030435,2
QAT_aug_6,2023-02-01,0.06972704176864009,3
QAT_aug_6,2023-03-01,0.11276471772004544,4
QAT_aug_6,2023-04-01,0.04413864111011562,5
QAT_aug_6,2023-05-01,0.12199824945746805,6
QAT_aug_7,2022-06-01,0.012707004133346928,-5
QAT_aug_7,2022-07-01,-0.02764716673648798,-4
QAT_aug_7,2022-08-01,0.07413493876837181,-3
QAT_aug_7,2022-09-01,0.04179176395360043,-2
QAT_aug_7,2022-10-01,0.05858482347563597,-1
QAT_aug_7,2022-11-01,0.12391502024826494,0
QAT_aug_7,2022-12-01,0.07355892647290498,1
QAT_aug_7,2023-01-01,0.07645263007218207,2
QAT_aug_7,2023-02-01,0.06285703874689157,3
QAT_aug_7,2023-03-01,0.10535094360766434,4
QAT_aug_7,2023-04-01,0.040289784126155116,5
QAT_aug_7,2023-05-01,0.10872545311724807,6
QAT_aug_8,2022-06-01,0.11365382629646115,-5
QAT_aug_8,2022-07-01,0.02069046711523552,-4
QAT_aug_8,2022-08-01,-0.010783246028136467,-3
QAT_aug_8,2022-09-01,0.07972000307572752,-2
QAT_aug_8,2022-10-01,0.05484875098019421,-1
QAT_aug_8,2022-11-01,0.056993848913529536,0
QAT_aug_8,2022-12-01,0.10784683753388417,1
QAT_aug_8,2023-01-01,0.07195262593755791,2
QAT_aug_8,2023-02-01,0.07846993597005819,3
QAT_aug_8,2023-03-01,0.09137788210094118,4
QAT_aug_8,2023-04-01,0.10946029969626281,5
QAT_aug_8,2023-05-01,0.04535028268049316,6
QAT_aug_9,2022-06-01,0.1145789362353422,-5
QAT_aug_9,2022-07-01,0.009274800151739005,-4
QAT_aug_9,2022-08-01,-0.01719334650210306,-3
QAT_aug_9,2022-09-01,0.08339121891223276,-2
QAT_aug_9,2022-10-01,0.05906207618230087,-1
QAT_aug_9,2022-11-01,0.05125196975496499,0
QAT_aug_9,2022-12-01,0.13163226196648103,1
QAT_aug_9,2023-01-01,0.06393608808316195,2
QAT_aug_9,2023-02-01,0.0816329045006926,3
QAT_aug_9,2023-03-01,0.08965481859614048,4
QAT_aug_9,2023-04-01,0.10347909325305918,5
QAT_aug_9,2023-05-01,0.038495452002502435,6
QAT_aug_10,2022-06-01,0.11556097621521925,-5
QAT_aug_10,2022-07-01,0.014220709076780452,-4
QAT_aug_10,2022-08-01,-0.036456354190115746,-3
QAT_aug_10,2022-09-01,0.0767480103440043,-2
QAT_aug_10,2022-10-01,0.04494778753050978,-1
QAT_aug_10,2022-11-01,0.06015203841337379,0
QAT_aug_10,2022-12-01,0.11542119755854138,1
QAT_aug_10,2023-01-01,0.08412287574708617,2
QAT_aug_10,2023-02-01,0.07334659138574887,3
QAT_aug_10,2023-03-01,0.07058205191315646,4
QAT_aug_10,2023-04-01,0.1150323714694267,5
QAT_aug_10,2023-05-01,0.03462698286320083,6
QAT_aug_11,2022-06-01,0.11649510986154687,-5
QAT_aug_11,2022-07-01,0.027534191861525153,-4
QAT_aug_11,2022-08-01,-0.035732252173611076,-3
QAT_aug_11,2022-09-01,0.0776583248310027,-2
QAT_aug_11,2022-10-01,0.05468935640249002,-1
QAT_aug_11,2022-11-01,0.06323854768134629,0
QAT_aug_11,2022-12-01,0.11336459267640864,1
QAT_aug_11,2023-01-01,0.06296761115753347,2
QAT_aug_11,2023-02-01,0.08107556282655148,3
QAT_aug_11,2023-03-01,0.0757680254724175,4
QAT_aug_11,2023-04-01,0.11136113491981069,5
QAT_aug_11,2023-05-01,0.045841132936016084,6
QAT_aug_12,2022-06-01,-0.03513286569912561,-5
QAT_aug_12,2022-07-01,0.0926178466500113,-4
QAT_aug_12,2022-08-01,0.06488493011947676,-3
QAT_aug_12,2022-09-01,0.061729444072044774,-2
QAT_aug_12,2022-10-01,0.15937555544879134,-1
QAT_aug_12,2022-11-01,0.09194215300084706,0
QAT_aug_12,2022-12-01,0.08237859558173122,1
QAT_aug_12,2023-01-01,0.09134223400336794,2
QAT_aug_12,2023-02-01,0.12096820518349422,3
QAT_aug_12,2023-03-01,0.05698416682075857,4
QAT_aug_12,2023-04-01,0.14596920320855583,5
QAT_aug_12,2023-05-01,0.014866130303656286,6
QAT_aug_13,2022-06-01,-0.020964103334490784,-5
QAT_aug_13,2022-07-01,0.0953868677884731,-4
QAT_aug_13,2022-08-01,0.0696826333367229,-3
QAT_aug_13,2022-09-01,0.08465230979928264,-2
QAT_aug_13,2022-10-01,0.14313570913985918,-1
QAT_aug_13,2022-11-01,0.0799686978747462,0
QAT_aug_13,2022-12-01,0.08395579574543927,1
QAT_aug_13,2023-01-01,0.07878306504541253,2
QAT_aug_13,2023-02-01,0.12763195615021236,3
QAT_aug_13,2023-03-01,0.05370980390002805,4
QAT_aug_13,2023-04-01,0.13808553823664135,5
QAT_aug_13,2023-05-01,0.028398688893518098,6
QAT_aug_14,2022-06-01,-0.029157860031144466,-5
QAT_aug_14,2022-07-01,0.1036586013123434,-4
QAT_aug_14,2022-08-01,0.06102129083522234,-3
QAT_aug_14,2022-09-01,0.09100988699321222,-2
QAT_aug_14,2022-10-01,0.1511897020071135,-1
QAT_aug_14,2022-11-01,0.0797663126542368,0
QAT_aug_14,2022-12-01,0.08237470419422697,1
QAT_aug_14,2023-01-01,0.08984104069200664,2
QAT_aug_14,2023-02-01,0.12731644740569087,3
QAT_aug_14,2023-03-01,0.056897356934776724,4
QAT_aug_14,2023-04-01,0.14005288440257238,5
QAT_aug_14,2023-05-01,0.020807503080257285,6
QAT_aug_15,2022-06-01,-0.03657068306417757,-5
QAT_aug_15,2022-07-01,0.07743197190321882,-4
QAT_aug_15,2022-08-01,0.05720886348935821,-3
QAT_aug_15,2022-09-01,0.07461491069403355,-2
QAT_aug_15,2022-10-01,0.14623816598306721,-1
QAT_aug_15,2022-11-01,0.07599235615279132,0
QAT_aug_15,2022-12-01,0.09277763962837375,1
QAT_aug_15,2023-01-01,0.08989370786922272,2
QAT_aug_15,2023-02-01,0.12162728915792363,3
QAT_aug_15,2023-03-01,0.051579993270262865,4
QAT_aug_15,2023-04-01,0.13601959814488096,5
QAT_aug_15,2023-05-01,0.011235985486787241,6
QAT_aug_16,2022-06-01,0.024126872784648656,-5
QAT_aug_16,2022-07-01,-0.02417109749689522,-4
QAT_aug_16,2022-08-01,0.10089121776380983,-3
QAT_aug_16,2022-09-01,0.07215169290352588,-2
QAT_aug_16,2022-10-01,0.056632476269521954,-1
QAT_aug_16,2022-11-01,0.13476780478907696,0
QAT_aug_16,2022-12-01,0.09019141241509673,1
QAT_aug_16,2023-01-01,0.09692938180081899,2
QAT_aug_16,2023-02-01,0.0913675048914535,3
QAT_aug_16,2023-03-01,0.16259044488230223,4
QAT_aug_16,2023-04-01,0.05868232423183034,5
QAT_aug_16,2023-05-01,0.14591597910439302,6
QAT_aug_17,2022-06-01,0.029267201264035418,-5
QAT_aug_17,2022-07-01,-0.022950003946823526,-4
QAT_aug_17,2022-08-01,0.08893994604461306,-3
QAT_aug_17,2022-09-01,0.06858694980810628,-2
QAT_aug_17,2022-10-01,0.06154213060586582,-1
QAT_aug_17,2022-11-01,0.14123178552980287,0
QAT_aug_17,2022-12-01,0.08211956123013275,1
QAT_aug_17,2023-01-01,0.09251480419990954,2
QAT_aug_17,2023-02-01,0.1065052426142977,3
QAT_aug_17,2023-03-01,0.11457037238071538,4
QAT_aug_17,2023-04-01,0.05556736108111535,5
QAT_aug_17,2023-05-01,0.12195478221744985,6
QAT_aug_18,2022-06-01,0.016973356624164736,-5
QAT_aug_18,2022-07-01,-0.02022966475418862,-4
QAT_aug_18,2022-08-01,0.09244508307523289,-3
QAT_aug_18,2022-09-01,0.05305149204787437,-2
QAT_aug_18,2022-10-01,0.060708508982820986,-1
QAT_aug_18,2022-11-01,0.14906142790092392,0
QAT_aug_18,2022-12-01,0.08067731350101745,1
QAT_aug_18,2023-01-01,0.09355170903850343,2
QAT_aug_18,2023-02-01,0.0870308002012113,3
QAT_aug_18,2023-03-01,0.12338470708153466,4
QAT_aug_18,2023-04-01,0.06888928923211826,5
QAT_aug_18,2023-05-01,0.14246450585871837,6
QAT_aug_19,2022-06-01,0.003582178449244189,-5
QAT_aug_19,2022-07-01,-0.02915667508724568,-4
QAT_aug_19,2022-08-01,0.08542123249739812,-3
QAT_aug_19,2022-09-01,0.06909162380926641,-2
QAT_aug_19,2022-10-01,0.061415514285039156,-1
QAT_aug_19,2022-11-01,0.14227349440265272,0
QAT_aug_19,2022-12-01,0.09074713165150684,1
QAT_aug_19,2023-01-01,0.10001148294832148,2
QAT_aug_19,2023-02-01,0.07684224710734565,3
QAT_aug_19,2023-03-01,0.12524665929422688,4
QAT_aug_19,2023-04-01,0.0464695932345808,5
QAT_aug_19,2023-05-01,0.12944763861495276,6
QAT_aug_20,2022-06-01,0.15067907657058408,-5
QAT_aug_20,2022-07-01,0.02583640701110311,-4
QAT_aug_20,2022-08-01,-0.039730509258081734,-3
QAT_aug_20,2022-09-01,0.09813542028955966,-2
QAT_aug_20,2022-10-01,0.08112678082106209,-1
QAT_aug_20,2022-11-01,0.07817982134524634,0
QAT_aug_20,2022-12-01,0.13159800753715922,1
QAT_aug_20,2023-01-01,0.08130482479248993,2
QAT_aug_20,2023-02-01,0.10266200550243226,3
QAT_aug_20,2023-03-01,0.08131632083323995,4
QAT_aug_20,2023-04-01,0.1323399355403578,5
QAT_aug_20,2023-05-01,0.0578500341334806,6
QAT_aug_21,2022-06-01,0.1274663837224522,-5
QAT_aug_21,2022-07-01,0.01984502804296156,-4
QAT_aug_21,2022-08-01,-0.05731735577285648,-3
QAT_aug_21,2022-09-01,0.07988498962831668,-2
QAT_aug_21,2022-10-01,0.05909093053359924,-1
QAT_aug_21,2022-11-01,0.05663454319370921,0
QAT_aug_21,2022-12-01,0.1569275588509304,1
QAT_aug_21,2023-01-01,0.07531732429206218,2
QAT_aug_21,2023-02-01,0.08743287852779365,3
QAT_aug_21,2023-03-01,0.08724143246899248,4
QAT_aug_21,2023-04-01,0.14144667507809838,5
QAT_aug_21,2023-05-01,0.03957136592316461,6
QAT_aug_22,2022-06-01,0.14548636245189142,-5
QAT_aug_22,2022-07-01,0.021988636937316338,-4
QAT_aug_22,2022-08-01,-0.037651142550927524,-3
QAT_aug_22,2022-09-01,0.09438400373477554,-2
QAT_aug_22,2022-10-01,0.06422553913400457,-1
QAT_aug_22,2022-11-01,0.06265703590215489,0
QAT_aug_22,2022-12-01,0.1439707651691938,1
QAT_aug_22,2023-01-01,0.08321655927396852,2
QAT_aug_22,2023-02-01,0.09288150247242337,3
QAT_aug_22,2023-03-01,0.09228917308480451,4
QAT_aug_22,2023-04-01,0.14312659124154337,5
QAT_aug_22,2023-05-01,0.041422617008148394,6
QAT_aug_23,2022-06-01,0.15384820076968153,-5
QAT_aug_23,2022-07-01,0.005785890076172943,-4
QAT_aug_23,2022-08-01,-0.031884246391067454,-3
QAT_aug_23,2022-09-01,0.09596570971732137,-2
QAT_aug_23,2022-10-01,0.06506729138738991,-1
QAT_aug_23,2022-11-01,0.06253523783136228,0
QAT_aug_23,2022-12-01,0.14156418606870422,1
QAT_aug_23,2023-01-01,0.08208216203083636,2
QAT_aug_23,2023-02-01,0.08672444306301584,3
QAT_aug_23,2023-03-01,0.09337854758643728,4
QAT_aug_23,2023-04-01,0.13262385065442253,5
QAT_aug_23,2023-05-01,0.04522174202045331,6
QAT_aug_24,2022-06-01,-0.020270436923425568,-5
QAT_aug_24,2022-07-01,0.08897225401674345,-4
QAT_aug_24,2022-08-01,0.06550308902845647,-3
QAT_aug_24,2022-09-01,0.06945283313308491,-2
QAT_aug_24,2022-10-01,0.12923952538868066,-1
QAT_aug_24,2022-11-01,0.07643754541020488,0
QAT_aug_24,2022-12-01,0.09249271804939574,1
QAT_aug_24,2023-01-01,0.08696051752751806,2
QAT_aug_24,2023-02-01,0.12180083044952233,3
QAT_aug_24,2023-03-01,0.04891947031746095,4
QAT_aug_24,2023-04-01,0.1380910153932157,5
QAT_aug_24,2023-05-01,0.015915823559321113,6
QAT_aug_25,2022-06-01,-0.02313391201413933,-5
QAT_aug_25,2022-07-01,0.08458844757834769,-4
QAT_aug_25,2022-08-01,0.05675652782050661,-3
QAT_aug_25,2022-09-01,0.07251530707475276,-2
QAT_aug_25,2022-10-01,0.1429408571487184,-1
QAT_aug_25,2022-11-01,0.08876899623755577,0
QAT_aug_25,2022-12-01,0.09808235611010731,1
QAT_aug_25,2023-01-01,0.08265130161905608,2
QAT_aug_25,2023-02-01,0.12714152246894492,3
QAT_aug_25,2023-03-01,0.0459030701326094,4
QAT_aug_25,2023-04-01,0.13008733503900136,5
QAT_aug_25,2023-05-01,0.018979165391858073,6
QAT_aug_26,2022-06-01,-0.026790210095696623,-5
QAT_aug_26,2022-07-01,0.09075262725426132,-4
QAT_aug_26,2022-08-01,0.052405720293892816,-3
QAT_aug_26,2022-09-01,0.08021432973508938,-2
QAT_aug_26,2022-10-01,0.1287225101116584,-1
QAT_aug_26,2022-11-01,0.07108061431419684,0
QAT_aug_26,2022-12-01,0.09537144530807976,1
QAT_aug_26,2023-01-01,0.08867957212474943,2
QAT_aug_26,2023-02-01,0.12718763694667695,3
QAT_aug_26,2023-03-01,0.05353162328106412,4
QAT_aug_26,2023-04-01,0.12800742227420295,5
QAT_aug_26,2023-05-01,0.01256970605036226,6
QAT_aug_27,2022-06-01,-0.026962353744305206,-5
QAT_aug_27,2022-07-01,0.08040249852044719,-4
QAT_aug_27,2022-08-01,0.0660877388710868,-3
QAT_aug_27,2022-09-01,0.06319363176948527,-2
QAT_aug_27,2022-10-01,0.12873226650360672,-1
QAT_aug_27,2022-11-01,0.078333932704616,0
QAT_aug_27,2022-12-01,0.08993889787453434,1
QAT_aug_27,2023-01-01,0.07720446106974446,2
QAT_aug_27,2023-02-01,0.11445655745092143,3
QAT_aug_27,2023-03-01,0.04931739130733612,4
QAT_aug_27,2023-04-01,0.1297361764855827,5
QAT_aug_27,2023-05-01,0.01588826125227679,6
QAT_aug_28,2022-06-01,0.015999544432636497,-5
QAT_aug_28,2022-07-01,-0.02602059669385509,-4
QAT_aug_28,2022-08-01,0.07422067823125408,-3
QAT_aug_28,2022-09-01,0.0462043049824775,-2
QAT_aug_28,2022-10-01,0.056850442212935885,-1
QAT_aug_28,2022-11-01,0.1331612575728632,0
QAT_aug_28,2022-12-01,0.08384926686726844,1
QAT_aug_28,2023-01-01,0.09904127880351328,2
QAT_aug_28,2023-02-01,0.0895297537005305,3
QAT_aug_28,2023-03-01,0.12089127442362028,4
QAT_aug_28,2023-04-01,0.04773407240155523,5
QAT_aug_28,2023-05-01,0.11946691955462409,6
QAT_aug_29,2022-06-01,0.019675531332681843,-5
QAT_aug_29,2022-07-01,-0.02993585931688955,-4
QAT_aug_29,2022-08-01,0.08827032462148571,-3
QAT_aug_29,2022-09-01,0.052120087979883885,-2
QAT_aug_29,2022-10-01,0.0674116404197628,-1
QAT_aug_29,2022-11-01,0.14824985357348844,0
QAT_aug_29,2022-12-01,0.08173149664624894,1
QAT_aug_29,2023-01-01,0.09013852591966943,2
QAT_aug_29,2023-02-01,0.0874070659553069,3
QAT_aug_29,2023-03-01,0.11874961153197347,4
QAT_aug_29,2023-04-01,0.049525624432483935,5
QAT_aug_29,2023-05-01,0.12786635786722284,6
QAT_aug_30,2022-06-01,0.020619368565985098,-5
QAT_aug_30,2022-07-01,-0.033789602282065886,-4
QAT_aug_30,2022-08-01,0.08551808599523157,-3
QAT_aug_30,2022-09-01,0.06264974992317603,-2
QAT_aug_30,2022-10-01,0.07588203102136912,-1
QAT_aug_30,2022-11-01,0.14431632371562275,0
QAT_aug_30,2022-12-01,0.09976924312266741,1
QAT_aug_30,2023-01-01,0.08218563412920474,2
QAT_aug_30,2023-02-01,0.08820631577749345,3
QAT_aug_30,2023-03-01,0.1235665750367186,4
QAT_aug_30,2023-04-01,0.06590587672561675,5
QAT_aug_30,2023-05-01,0.12259988470040488,6
QAT_aug_31,2022-06-01,0.013004626267562346,-5
QAT_aug_31,2022-07-01,-0.03303094431388732,-4
QAT_aug_31,2022-08-01,0.06813091886090902,-3
QAT_aug_31,2022-09-01,0.052845497155415845,-2
QAT_aug_31,2022-10-01,0.057088282765313,-1
QAT_aug_31,2022-11-01,0.13613719275411396,0
QAT_aug_31,2022-12-01,0.08435454237572075,1
QAT_aug_31,2023-01-01,0.10234044894626189,2
QAT_aug_31,2023-02-01,0.09056565135881828,3
QAT_aug_31,2023-03-01,0.11759280537906533,4
QAT_aug_31,2023-04-01,0.04030818754576963,5
QAT_aug_31,2023-05-01,0.1309712183886187,6
QAT_aug_32,2022-06-01,0.11690383881236072,-5
QAT_aug_32,2022-07-01,0.033785533627889476,-4
QAT_aug_32,2022-08-01,-0.0168025308740101,-3
QAT_aug_32,2022-09-01,0.0829615208123485,-2
QAT_aug_32,2022-10-01,0.04446931251452625,-1
QAT_aug_32,2022-11-01,0.07353595864013912,0
QAT_aug_32,2022-12-01,0.13539268246548114,1
QAT_aug_32,2023-01-01,0.09156977150185551,2
QAT_aug_32,2023-02-01,0.07476531007661459,3
QAT_aug_32,2023-03-01,0.07561628222638139,4
QAT_aug_32,2023-04-01,0.1210423578499699,5
QAT_aug_32,2023-05-01,0.048283112608383014,6
QAT_aug_33,2022-06-01,0.12397245159104094,-5
QAT_aug_33,2022-07-01,0.024572613698624887,-4
QAT_aug_33,2022-08-01,-0.035844480776677276,-3
QAT_aug_33,2022-09-01,0.08398653538155884,-2
QAT_aug_33,2022-10-01,0.0594504943487039,-1
QAT_aug_33,2022-11-01,0.06799912203372459,0
QAT_aug_33,2022-12-01,0.14162991394498314,1
QAT_aug_33,2023-01-01,0.07291266196371299,2
QAT_aug_33,2023-02-01,0.07365854752729731,3
QAT_aug_33,2023-03-01,0.09076937410440945,4
QAT_aug_33,2023-04-01,0.12499606646099184,5
QAT_aug_33,2023-05-01,0.04215967826103825,6
QAT_aug_34,2022-06-01,0.14022889347117257,-5
QAT_aug_34,2022-07-01,0.021843941353701206,-4
QAT_aug_34,2022-08-01,-0.017825672804786023,-3
QAT_aug_34,2022-09-01,0.08723367330171644,-2
QAT_aug_34,2022-10-01,0.0754912194311651,-1
QAT_aug_34,2022-11-01,0.0794521029192768,0
QAT_aug_34,2022-12-01,0.13480702994820418,1
QAT_aug_34,2023-01-01,0.08935686582961329,2
QAT_aug_34,2023-02-01,0.0927704691686827,3
QAT_aug_34,2023-03-01,0.09314385375836876,4
QAT_aug_34,2023-04-01,0.11466146010622767,5
QAT_aug_34,2023-05-01,0.05292837414084947,6
QAT_aug_35,2022-06-01,0.1362263320332062,-5
QAT_aug_35,2022-07-01,0.006275012211216667,-4
QAT_aug_35,2022-08-01,-0.03834977924064362,-3
QAT_aug_35,2022-09-01,0.0683634697144587,-2
QAT_aug_35,2022-10-01,0.05494778633975748,-1
QAT_aug_35,2022-11-01,0.06926363816004256,0
QAT_aug_35,2022-12-01,0.1481615502961473,1
QAT_aug_35,2023-01-01,0.08320932058420935,2
QAT_aug_35,2023-02-01,0.10023147900662742,3
QAT_aug_35,2023-03-01,0.07145366182771584,4
QAT_aug_35,2023-04-01,0.10680647215303841,5
QAT_aug_35,2023-05-01,0.046231916812300614,6
QAT_aug_36,2022-06-01,-0.023543579676102034,-5
QAT_aug_36,2022-07-01,0.08264130868578846,-4
QAT_aug_36,2022-08-01,0.04027387468827696,-3
QAT_aug_36,2022-09-01,0.05928569379196681,-2
QAT_aug_36,2022-10-01,0.12004045250996914,-1
QAT_aug_36,2022-11-01,0.08282213572313937,0
QAT_aug_36,2022-12-01,0.08684789825873296,1
QAT_aug_36,2023-01-01,0.07139916578081698,2
QAT_aug_36,2023-02-01,0.11233756829858191,3
QAT_aug_36,2023-03-01,0.03746999719365092,4
QAT_aug_36,2023-04-01,0.12162262087485416,5
QAT_aug_36,2023-05-01,0.026447686036698385,6
QAT_aug_37,2022-06-01,-0.0342546414199536,-5
QAT_aug_37,2022-07-01,0.08592167802155247,-4
QAT_aug_37,2022-08-01,0.05257460241968588,-3
QAT_aug_37,2022-09-01,0.05483542678160439,-2
QAT_aug_37,2022-10-01,0.12902294682965246,-1
QAT_aug_37,2022-11-01,0.070259318751023,0
QAT_aug_37,2022-12-01,0.07857689165041006,1
QAT_aug_37,2023-01-01,0.06867390774553486,2
QAT_aug_37,2023-02-01,0.1314856454843441,3
QAT_aug_37,2023-03-01,0.04766696588544685,4
QAT_aug_37,2023-04-01,0.11751392019833798,5
QAT_aug_37,2023-05-01,0.02030054967741044,6
QAT_aug_38,2022-06-01,-0.027425120356866044,-5
QAT_aug_38,2022-07-01,0.0808369080850543,-4
QAT_aug_38,2022-08-01,0.06108824643362269,-3
QAT_aug_38,2022-09-01,0.06768721301593837,-2
QAT_aug_38,2022-10-01,0.12681150076153436,-1
QAT_aug_38,2022-11-01,0.07366251855556874,0
QAT_aug_38,2022-12-01,0.08104663235338136,1
QAT_aug_38,2023-01-01,0.06025222421001869,2
QAT_aug_38,2023-02-01,0.10355375753181392,3
QAT_aug_38,2023-03-01,0.05568901742715925,4
QAT_aug_38,2023-04-01,0.13653474989498426,5
QAT_aug_38,2023-05-01,0.018307837605588278,6
QAT_aug_39,2022-06-01,-0.02203839549297556,-5
QAT_aug_39,2022-07-01,0.08545959621499936,-4
QAT_aug_39,2022-08-01,0.08075665442404098,-3
QAT_aug_39,2022-09-01,0.07220164568277436,-2
QAT_aug_39,2022-10-01,0.13034584862479293,-1
QAT_aug_39,2022-11-01,0.07099576236541152,0
QAT_aug_39,2022-12-01,0.07040758899491142,1
QAT_aug_39,2023-01-01,0.07893253228877001,2
QAT_aug_39,2023-02-01,0.11108618776424828,3
QAT_aug_39,2023-03-01,0.03452411532893439,4
QAT_aug_39,2023-04-01,0.11680475980581195,5
QAT_aug_39,2023-05-01,0.010109499670098618,6
QAT_aug_40,2022-06-01,0.032277048434415444,-5
QAT_aug_40,2022-07-01,-0.018523763656267365,-4
QAT_aug_40,2022-08-01,0.08326422677630245,-3
QAT_aug_40,2022-09-01,0.06806591253894417,-2
QAT_aug_40,2022-10-01,0.06296603427806642,-1
QAT_aug_40,2022-11-01,0.1238209020652068,0
QAT_aug_40,2022-12-01,0.08981922270961519,1
QAT_aug_40,2023-01-01,0.08879410952744005,2
QAT_aug_40,2023-02-01,0.07080437100469159,3
QAT_aug_40,2023-03-01,0.11481648846697268,4
QAT_aug_40,2023-04-01,0.0391177673374603,5
QAT_aug_40,2023-05-01,0.11144097844338766,6
QAT_aug_41,2022-06-01,0.026326702447730048,-5
QAT_aug_41,2022-07-01,-0.010996319714304835,-4
QAT_aug_41,2022-08-01,0.0730347037520663,-3
QAT_aug_41,2022-09-01,0.060020183433690436,-2
QAT_aug_41,2022-10-01,0.056584798839188245,-1
QAT_aug_41,2022-11-01,0.1262005142277825,0
QAT_aug_41,2022-12-01,0.07348061605665697,1
QAT_aug_41,2023-01-01,0.07642586559093227,2
QAT_aug_41,2023-02-01,0.07823601970588841,3
QAT_aug_41,2023-03-01,0.11044325055086664,4
QAT_aug_41,2023-04-01,0.04770521351079398,5
QAT_aug_41,2023-05-01,0.12259584936902562,6
QAT_aug_42,2022-06-01,0.017216022301161316,-5
QAT_aug_42,2022-07-01,-0.03380335696138935,-4
QAT_aug_42,2022-08-01,0.07750886256154724,-3
QAT_aug_42,2022-09-01,0.061907729728175584,-2
QAT_aug_42,2022-10-01,0.06575094041500923,-1
QAT_aug_42,2022-11-01,0.12315005936047292,0
QAT_aug_42,2022-12-01,0.07862849489839695,1
QAT_aug_42,2023-01-01,0.08949784988770136,2
QAT_aug_42,2023-02-01,0.06592144049995563,3
QAT_aug_42,2023-03-01,0.1201357454387728,4
QAT_aug_42,2023-04-01,0.04123850486405694,5
QAT_aug_42,2023-05-01,0.12689704079238853,6
QAT_aug_43,2022-06-01,0.013116180326597683,-5
QAT_aug_43,2022-07-01,-0.04117079464095845,-4
QAT_aug_43,2022-08-01,0.06866185816412104,-3
QAT_aug_43,2022-09-01,0.05561981910695585,-2
QAT_aug_43,2022-10-01,0.06332679301283647,-1
QAT_aug_43,2022-11-01,0.12351528506252828,0
QAT_aug_43,2022-12-01,0.08287648727793524,1
QAT_aug_43,2023-01-01,0.0709937124774986,2
QAT_aug_43,2023-02-01,0.07687500329700389,3
QAT_aug_43,2023-03-01,0.10735485216343345,4
QAT_aug_43,2023-04-01,0.04022904916568203,5
QAT_aug_43,2023-05-01,0.12271949628831694,6
QAT_aug_44,2022-06-01,0.11612744400196659,-5
QAT_aug_44,2022-07-01,0.015501654793703329,-4
QAT_aug_44,2022-08-01,-0.01898470656420214,-3
QAT_aug_44,2022-09-01,0.07877612412215955,-2
QAT_aug_44,2022-10-01,0.0626440954662063,-1
QAT_aug_44,2022-11-01,0.05306332229459576,0
QAT_aug_44,2022-12-01,0.13385100430015304,1
QAT_aug_44,2023-01-01,0.09003989357922842,2
QAT_aug_44,2023-02-01,0.06527201387045625,3
QAT_aug_44,2023-03-01,0.07067073178705567,4
QAT_aug_44,2023-04-01,0.12080580739454581,5
QAT_aug_44,2023-05-01,0.044889515271351536,6
QAT_aug_45,2022-06-01,0.125757600921433,-5
QAT_aug_45,2022-07-01,0.014609992798985198,-4
QAT_aug_45,2022-08-01,-0.026252618876833014,-3
QAT_aug_45,2022-09-01,0.08144780521369423,-2
QAT_aug_45,2022-10-01,0.06546951408348393,-1
QAT_aug_45,2022-11-01,0.06412828963969287,0
QAT_aug_45,2022-12-01,0.13329504558864702,1
QAT_aug_45,2023-01-01,0.0754993268886813,2
QAT_aug_45,2023-02-01,0.07954176280985048,3
QAT_aug_45,2023-03-01,0.07474088764575916,4
QAT_aug_45,2023-04-01,0.11972614400381697,5
QAT_aug_45,2023-05-01,0.04309294481336001,6
QAT_aug_46,2022-06-01,0.12512132161569262,-5
QAT_aug_46,2022-07-01,0.035506952994932714,-4
QAT_aug_46,2022-08-01,-0.01832956547582898,-3
QAT_aug_46,2022-09-01,0.08079385293657564,-2
QAT_aug_46,2022-10-01,0.06567496766339016,-1
QAT_aug_46,2022-11-01,0.058965494579453714,0
QAT_aug_46,2022-12-01,0.11427624603910932,1
QAT_aug_46,2023-01-01,0.0692096181808592,2
QAT_aug_46,2023-02-01,0.0681876818664556,3
QAT_aug_46,2023-03-01,0.07440291470965756,4
QAT_aug_46,2023-04-01,0.11675682999474941,5
QAT_aug_46,2023-05-01,0.05923958082697935,6
QAT_aug_47,2022-06-01,0.12541183510149148,-5
QAT_aug_47,2022-07-01,0.017590000760970018,-4
QAT_aug_47,2022-08-01,-0.020189149260813197,-3
QAT_aug_47,2022-09-01,0.06589410665500506,-2
QAT_aug_47,2022-10-01,0.056849335115961554,-1
QAT_aug_47,2022-11-01,0.06742888873872024,0
QAT_aug_47,2022-12-01,0.11937585734391659,1
QAT_aug_47,2023-01-01,0.08647233092768315,2
QAT_aug_47,2023-02-01,0.08694054602096751,3
QAT_aug_47,2023-03-01,0.07550913212064089,4
QAT_aug_47,2023-04-01,0.12165550690925586,5
QAT_aug_47,2023-05-01,0.06430558885885235,6
QAT_aug_48,2022-06-01,-0.021884227735627954,-5
QAT_aug_48,2022-07-01,0.07377812205563976,-4
QAT_aug_48,2022-08-01,0.04618581431686079,-3
QAT_aug_48,2022-09-01,0.047408565165146674,-2
QAT_aug_48,2022-10-01,0.11873629534510252,-1
QAT_aug_48,2022-11-01,0.06296168114980658,0
QAT_aug_48,2022-12-01,0.07285175881631402,1
QAT_aug_48,2023-01-01,0.06509946958927663,2
QAT_aug_48,2023-02-01,0.10486007639909746,3
QAT_aug_48,2023-03-01,0.042724180564614564,4
QAT_aug_48,2023-04-01,0.11429319659479131,5
QAT_aug_48,2023-05-01,0.013772645085048156,6
QAT_aug_49,2022-06-01,-0.02496102271686756,-5
QAT_aug_49,2022-07-01,0.06515785362292881,-4
QAT_aug_49,2022-08-01,0.04555070299275307,-3
QAT_aug_49,2022-09-01,0.055712256213514305,-2
QAT_aug_49,2022-10-01,0.11894737321806079,-1
QAT_aug_49,2022-11-01,0.06252966653838571,0
QAT_aug_49,2022-12-01,0.0782502093834228,1
QAT_aug_49,2023-01-01,0.0780479941661119,2
QAT_aug_49,2023-02-01,0.10552180771666461,3
QAT_aug_49,2023-03-01,0.05329104755020602,4
QAT_aug_49,2023-04-01,0.102860620601228,5
QAT_aug_49,2023-05-01,0.007790628414953418,6
QAT_aug_50,2022-06-01,-0.03523772049766749,-5
QAT_aug_50,2022-07-01,0.08113419649249085,-4
QAT_aug_50,2022-08-01,0.05440091548693323,-3
QAT_aug_50,2022-09-01,0.053521304558609865,-2
QAT_aug_50,2022-10-01,0.11551089993570055,-1
QAT_aug_50,2022-11-01,0.06085073612936518,0
QAT_aug_50,2022-12-01,0.08884160483422995,1
QAT_aug_50,2023-01-01,0.07060133769602256,2
QAT_aug_50,2023-02-01,0.10281370321143866,3
QAT_aug_50,2023-03-01,0.045219660124673704,4
QAT_aug_50,2023-04-01,0.11071625067176558,5
QAT_aug_50,2023-05-01,0.018465096861881247,6
QAT_aug_51,2022-06-01,-0.028506809607789764,-5
QAT_aug_51,2022-07-01,0.07473188428473472,-4
QAT_aug_51,2022-08-01,0.06221454082385268,-3
QAT_aug_51,2022-09-01,0.06373220615944705,-2
QAT_aug_51,2022-10-01,0.12532905176832118,-1
QAT_aug_51,2022-11-01,0.06587478600228847,0
QAT_aug_51,2022-12-01,0.06587346448986098,1
QAT_aug_51,2023-01-01,0.0668988348981172,2
QAT_aug_51,2023-02-01,0.10213129314897201,3
QAT_aug_51,2023-03-01,0.04767058868761984,4
QAT_aug_51,2023-04-01,0.09612254327884827,5
QAT_aug_51,2023-05-01,0.026108995638510747,6
QAT_aug_52,2022-06-01,0.015546873144526057,-5
QAT_aug_52,2022-07-01,-0.026122488352456296,-4
QAT_aug_52,2022-08-01,0.06483137133302336,-3
QAT_aug_52,2022-09-01,0.03727765294194526,-2
QAT_aug_52,2022-10-01,0.05804104229301483,-1
QAT_aug_52,2022-11-01,0.11449021530154364,0
QAT_aug_52,2022-12-01,0.05964317169159738,1
QAT_aug_52,2023-01-01,0.06325957940081658,2
QAT_aug_52,2023-02-01,0.0652448461344725,3
QAT_aug_52,2023-03-01,0.11297785439278692,4
QAT_aug_52,2023-04-01,0.039378282601305596,5
QAT_aug_52,2023-05-01,0.09670233824763869,6
QAT_aug_53,2022-06-01,0.014949311702985243,-5
QAT_aug_53,2022-07-01,-0.025123666763427047,-4
QAT_aug_53,2022-08-01,0.05344185328430752,-3
QAT_aug_53,2022-09-01,0.04720429544145614,-2
QAT_aug_53,2022-10-01,0.051711103799768635,-1
QAT_aug_53,2022-11-01,0.11819096211338324,0
QAT_aug_53,2022-12-01,0.08133895212240394,1
QAT_aug_53,2023-01-01,0.08161007890154212,2
QAT_aug_53,2023-02-01,0.06727093821956022,3
QAT_aug_53,2023-03-01,0.09424708471668543,4
QAT_aug_53,2023-04-01,0.05707041382914882,5
QAT_aug_53,2023-05-01,0.108857653573727,6
QAT_aug_54,2022-06-01,0.016717931919091135,-5
QAT_aug_54,2022-07-01,-0.023279108965119366,-4
QAT_aug_54,2022-08-01,0.07331727233538722,-3
QAT_aug_54,2022-09-01,0.04829183242430392,-2
QAT_aug_54,2022-10-01,0.04946987095691402,-1
QAT_aug_54,2022-11-01,0.10953267523221011,0
QAT_aug_54,2022-12-01,0.06778169884067825,1
QAT_aug_54,2023-01-01,0.06907557940447577,2
QAT_aug_54,2023-02-01,0.06317443770782086,3
QAT_aug_54,2023-03-01,0.10215790550436511,4
QAT_aug_54,2023-04-01,0.038483720563483335,5
QAT_aug_54,2023-05-01,0.11710728811074325,6
QAT_aug_55,2022-06-01,-0.0014326116940444125,-5
QAT_aug_55,2022-07-01,-0.017233927994008354,-4
QAT_aug_55,2022-08-01,0.0809725265624895,-3
QAT_aug_55,2022-09-01,0.03580842029809818,-2
QAT_aug_55,2022-10-01,0.0499746797504539,-1
QAT_aug_55,2022-11-01,0.11077064455743463,0
QAT_aug_55,2022-12-01,0.0585242100479028,1
QAT_aug_55,2023-01-01,0.0666868725721062,2
QAT_aug_55,2023-02-01,0.060261081409365,3
QAT_aug_55,2023-03-01,0.11311834148434181,4
QAT_aug_55,2023-04-01,0.04753125019680246,5
QAT_aug_55,2023-05-01,0.11629846320456459,6
QAT_aug_56,2022-06-01,0.1119254848264026,-5
QAT_aug_56,2022-07-01,0.009353782103629794,-4
QAT_aug_56,2022-08-01,-0.027317520601665837,-3
QAT_aug_56,2022-09-01,0.0749556241555706,-2
QAT_aug_56,2022-10-01,0.0410914055236073,-1
QAT_aug_56,2022-11-01,0.05761705035855299,0
QAT_aug_56,2022-12-01,0.11231771432842368,1
QAT_aug_56,2023-01-01,0.06569023580528756,2
QAT_aug_56,2023-02-01,0.07744016345435845,3
QAT_aug_56,2023-03-01,0.07177132586285763,4
QAT_aug_56,2023-04-01,0.09971021904741384,5
QAT_aug_56,2023-05-01,0.04790704404423215,6
QAT_aug_57,2022-06-01,0.09964711100534311,-5
QAT_aug_57,2022-07-01,0.02018803290124227,-4
QAT_aug_57,2022-08-01,-0.018778222956190523,-3
QAT_aug_57,2022-09-01,0.07024500538074241,-2
QAT_aug_57,2022-10-01,0.05123341876171153,-1
QAT_aug_57,2022-11-01,0.04510751543659304,0
QAT_aug_57,2022-12-01,0.11917749560325214,1
QAT_aug_57,2023-01-01,0.06757083707346254,2
QAT_aug_57,2023-02-01,0.0691985324824232,3
QAT_aug_57,2023-03-01,0.0751848990540567,4
QAT_aug_57,2023-04-01,0.09766362469559758,5
QAT_aug_57,2023-05-01,0.0302427490954019,6
QAT_aug_58,2022-06-01,0.096408047047398,-5
QAT_aug_58,2022-07-01,0.0198432252323558,-4
QAT_aug_58,2022-08-01,-0.031568289975915306,-3
QAT_aug_58,2022-09-01,0.0832105694989173,-2
QAT_aug_58,2022-10-01,0.03594179558460413,-1
QAT_aug_58,2022-11-01,0.06387463935395685,0
QAT_aug_58,2022-12-01,0.11592733093667856,1
QAT_aug_58,2023-01-01,0.06789333537607226,2
QAT_aug_58,2023-02-01,0.069074955703197,3
QAT_aug_58,2023-03-01,0.0707480579140922,4
QAT_aug_58,2023-04-01,0.10182484650445141,5
QAT_aug_58,2023-05-01,0.04770641288561759,6
QAT_aug_59,2022-06-01,0.10778820009668576,-5
QAT_aug_59,2022-07-01,0.017713343080809053,-4
QAT_aug_59,2022-08-01,-0.0255061561528304,-3
QAT_aug_59,2022-09-01,0.07138967413363416,-2
QAT_aug_59,2022-10-01,0.0512065277807361,-1
QAT_aug_59,2022-11-01,0.04197860620645883,0
QAT_aug_59,2022-12-01,0.10343375130128674,1
QAT_aug_59,2023-01-01,0.07254517280879967,2
QAT_aug_59,2023-02-01,0.07434825328293022,3
QAT_aug_59,2023-03-01,0.0672277471022533,4
QAT_aug_59,2023-04-01,0.10190545430654814,5
QAT_aug_59,2023-05-01,0.04256612517481919,6
QAT_aug_60,2022-06-01,-0.026798982958056865,-5
QAT_aug_60,2022-07-01,0.0663653238700135,-4
QAT_aug_60,2022-08-01,0.05001364574455026,-3
QAT_aug_60,2022-09-01,0.0468604106841789,-2
QAT_aug_60,2022-10-01,0.11581368688708997,-1
QAT_aug_60,2022-11-01,0.056945696818488614,0
QAT_aug_60,2022-12-01,0.07885841532697711,1
QAT_aug_60,2023-01-01,0.07208515811783846,2
QAT_aug_60,2023-02-01,0.10393862803476268,3
QAT_aug_60,2023-03-01,0.04706552873020053,4
QAT_aug_60,2023-04-01,0.1189406510551935,5
QAT_aug_60,2023-05-01,0.024552813855411703,6
QAT_aug_61,2022-06-01,-0.035660761571744096,-5
QAT_aug_61,2022-07-01,0.062192796639134636,-4
QAT_aug_61,2022-08-01,0.044067083754875766,-3
QAT_aug_61,2022-09-01,0.05319281048234421,-2
QAT_aug_61,2022-10-01,0.11710078052442022,-1
QAT_aug_61,2022-11-01,0.06370901966277265,0
QAT_aug_61,2022-12-01,0.07369979373924151,1
QAT_aug_61,2023-01-01,0.06328000658300208,2
QAT_aug_61,2023-02-01,0.09727627769620209,3
QAT_aug_61,2023-03-01,0.030221683735458714,4
QAT_aug_61,2023-04-01,0.09986766344304024,5
QAT_aug_61,2023-05-01,0.006805523057273607,6
QAT_aug_62,2022-06-01,-0.029769314761948565,-5
QAT_aug_62,2022-07-01,0.0785883472931245,-4
QAT_aug_62,2022-08-01,0.043259553135753914,-3
QAT_aug_62,2022-09-01,0.0708749232659151,-2
QAT_aug_62,2022-10-01,0.11844825912919532,-1
QAT_aug_62,2022-11-01,0.07002622021708271,0
QAT_aug_62,2022-12-01,0.06712217716628863,1
QAT_aug_62,2023-01-01,0.07263168126939015,2
QAT_aug_62,2023-02-01,0.09832098458596797,3
QAT_aug_62,2023-03-01,0.040722736736942274,4
QAT_aug_62,2023-04-01,0.12449093657150706,5
QAT_aug_62,2023-05-01,0.017464773885885188,6
QAT_aug_63,2022-06-01,-0.015295125312397975,-5
QAT_aug_63,2022-07-01,0.06786153499992059,-4
QAT_aug_63,2022-08-01,0.04856950525168817,-3
QAT_aug_63,2022-09-01,0.06546120101574822,-2
QAT_aug_63,2022-10-01,0.1103547800982471,-1
QAT_aug_63,2022-11-01,0.0804190946099014,0
QAT_aug_63,2022-12-01,0.07867825394555647,1
QAT_aug_63,2023-01-01,0.06502000652193572,2
QAT_aug_63,2023-02-01,0.10589745893292273,3
QAT_aug_63,2023-03-01,0.04716412959446215,4
QAT_aug_63,2023-04-01,0.11184078100296663,5
QAT_aug_63,2023-05-01,0.006341744052430437,6
QAT_aug_64,2022-06-01,0.011670457444759596,-5
QAT_aug_64,2022-07-01,-0.025232394760563385,-4
QAT_aug_64,2022-08-01,0.07129340151530283,-3
QAT_aug_64,2022-09-01,0.05332885747593995,-2
QAT_aug_64,2022-10-01,0.055018050339705075,-1
QAT_aug_64,2022-11-01,0.10463634184503044,0
QAT_aug_64,2022-12-01,0.0701747657741171,1
QAT_aug_64,2023-01-01,0.0771397371711199,2
QAT_aug_64,2023-02-01,0.07253193459914176,3
QAT_aug_64,2023-03-01,0.10959417152062427,4
QAT_aug_64,2023-04-01,0.04653628768274473,5
QAT_aug_64,2023-05-01,0.11067939121512689,6
QAT_aug_65,2022-06-01,0.016145033236836533,-5
QAT_aug_65,2022-07-01,-0.03447628649143738,-4
QAT_aug_65,2022-08-01,0.07393534643975026,-3
QAT_aug_65,2022-09-01,0.05074215832244429,-2
QAT_aug_65,2022-10-01,0.05543607025365529,-1
QAT_aug_65,2022-11-01,0.1050712074732351,0
QAT_aug_65,2022-12-01,0.060259505070503955,1
QAT_aug_65,2023-01-01,0.07930545936844154,2
QAT_aug_65,2023-02-01,0.06863518958532973,3
QAT_aug_65,2023-03-01,0.10654122004827485,4
QAT_aug_65,2023-04-01,0.04078811352774242,5
QAT_aug_65,2023-05-01,0.10726268386380387,6
QAT_aug_66,2022-06-01,0.023013495632836962,-5
QAT_aug_66,2022-07-01,-0.02609054715225922,-4
QAT_aug_66,2022-08-01,0.07238158938133805,-3
QAT_aug_66,2022-09-01,0.046046125423013284,-2
QAT_aug_66,2022-10-01,0.050225159984499654,-1
QAT_aug_66,2022-11-01,0.1112153288154172,0
QAT_aug_66,2022-12-01,0.06966124537319417,1
QAT_aug_66,2023-01-01,0.06967642715653145,2
QAT_aug_66,2023-02-01,0.07663337443892933,3
QAT_aug_66,2023-03-01,0.09649098247316361,4
QAT_aug_66,2023-04-01,0.0384623573042661,5
QAT_aug_66,2023-05-01,0.10386600520113161,6
QAT_aug_67,2022-06-01,0.02647816698028694,-5
QAT_aug_67,2022-07-01,-0.02094058140307558,-4
QAT_aug_67,2022-08-01,0.07919546536782636,-3
QAT_aug_67,2022-09-01,0.03965976181273528,-2
QAT_aug_67,2022-10-01,0.05445677709515172,-1
QAT_aug_67,2022-11-01,0.1197424204068655,0
QAT_aug_67,2022-12-01,0.06943850292319616,1
QAT_aug_67,2023-01-01,0.08017497456195986,2
QAT_aug_67,2023-02-01,0.065455803964984,3
QAT_aug_67,2023-03-01,0.11122642425535688,4
QAT_aug_67,2023-04-01,0.05665380306875756,5
QAT_aug_67,2023-05-01,0.10594656675563914,6
QAT_aug_68,2022-06-01,0.10397505663739466,-5
QAT_aug_68,2022-07-01,0.026262123205296053,-4
QAT_aug_68,2022-08-01,-0.01153945915853521,-3
QAT_aug_68,2022-09-01,0.06941107037772658,-2
QAT_aug_68,2022-10-01,0.04607856453124978,-1
QAT_aug_68,2022-11-01,0.05126804179497743,0
QAT_aug_68,2022-12-01,0.1042533888218334,1
QAT_aug_68,2023-01-01,0.06129563846049653,2
QAT_aug_68,2023-02-01,0.06538208452657882,3
QAT_aug_68,2023-03-01,0.06248360856131168,4
QAT_aug_68,2023-04-01,0.1011368797343714,5
QAT_aug_68,2023-05-01,0.04172794359257138,6
QAT_aug_69,2022-06-01,0.1175696604409774,-5
QAT_aug_69,2022-07-01,0.01072699254601156,-4
QAT_aug_69,2022-08-01,-0.016923175331280772,-3
QAT_aug_69,2022-09-01,0.07105401812237858,-2
QAT_aug_69,2022-10-01,0.04874413366533081,-1
QAT_aug_69,2022-11-01,0.05801151327207576,0
QAT_aug_69,2022-12-01,0.1063406795921695,1
QAT_aug_69,2023-01-01,0.0703356907868554,2
QAT_aug_69,2023-02-01,0.07412855430704801,3
QAT_aug_69,2023-03-01,0.07181559133591789,4
QAT_aug_69,2023-04-01,0.10414126431829678,5
QAT_aug_69,2023-05-01,0.05711268419918224,6
QAT_aug_70,2022-06-01,0.10266574391339203,-5
QAT_aug_70,2022-07-01,0.012634619887163582,-4
QAT_aug_70,2022-08-01,-0.02770820837032461,-3
QAT_aug_70,2022-09-01,0.06780517042942522,-2
QAT_aug_70,2022-10-01,0.04446179649430678,-1
QAT_aug_70,2022-11-01,0.06114717545357213,0
QAT_aug_70,2022-12-01,0.12393072868379336,1
QAT_aug_70,2023-01-01,0.06534921238520572,2
QAT_aug_70,2023-02-01,0.06689901003974082,3
QAT_aug_70,2023-03-01,0.07105360283858861,4
QAT_aug_70,2023-04-01,0.09834540613044504,5
QAT_aug_70,2023-05-01,0.044204672322297626,6
QAT_aug_71,2022-06-01,0.10839142689348254,-5
QAT_aug_71,2022-07-01,0.00641760542383879,-4
QAT_aug_71,2022-08-01,-0.013456190329461847,-3
QAT_aug_71,2022-09-01,0.08503975524024207,-2
QAT_aug_71,2022-10-01,0.04610429801367918,-1
QAT_aug_71,2022-11-01,0.05054885291996243,0
QAT_aug_71,2022-12-01,0.11529577999831313,1
QAT_aug_71,2023-01-01,0.07077547935535466,2
QAT_aug_71,2023-02-01,0.07751778859269601,3
QAT_aug_71,2023-03-01,0.08244293371195029,4
QAT_aug_71,2023-04-01,0.1018760946349709,5
QAT_aug_71,2023-05-01,0.03475885707523954,6
QAT_aug_72,2022-06-01,-0.031452100353619575,-5
QAT_aug_72,2022-07-01,0.06403038318393971,-4
QAT_aug_72,2022-08-01,0.04685329424944362,-3
QAT_aug_72,2022-09-01,0.06346289600177431,-2
QAT_aug_72,2022-10-01,0.10747316962388108,-1
QAT_aug_72,2022-11-01,0.06738198144635676,0
QAT_aug_72,2022-12-01,0.0704402097083634,1
QAT_aug_72,2023-01-01,0.07394026459577623,2
QAT_aug_72,2023-02-01,0.11585542640965771,3
QAT_aug_72,2023-03-01,0.03686409963964443,4
QAT_aug_72,2023-04-01,0.10010759316362113,5
QAT_aug_72,2023-05-01,0.022666518983950393,6
QAT_aug_73,2022-06-01,-0.017873189800985994,-5
QAT_aug_73,2022-07-01,0.08217353105976323,-4
QAT_aug_73,2022-08-01,0.05247107014862013,-3
QAT_aug_73,2022-09-01,0.04975447205758504,-2
QAT_aug_73,2022-10-01,0.11360105190148716,-1
QAT_aug_73,2022-11-01,0.07373609130858509,0
QAT_aug_73,2022-12-01,0.07649739503057262,1
QAT_aug_73,2023-01-01,0.0699715489825428,2
QAT_aug_73,2023-02-01,0.1058958442082169,3
QAT_aug_73,2023-03-01,0.04721214017287366,4
QAT_aug_73,2023-04-01,0.11332297186245296,5
QAT_aug_73,2023-05-01,0.02119234770359105,6
QAT_aug_74,2022-06-01,-0.023466322472925162,-5
QAT_aug_74,2022-07-01,0.07049558868773281,-4
QAT_aug_74,2022-08-01,0.0555731107002297,-3
QAT_aug_74,2022-09-01,0.04700507055278388,-2
QAT_aug_74,2022-10-01,0.11190337662510218,-1
QAT_aug_74,2022-11-01,0.06369559810837529,0
QAT_aug_74,2022-12-01,0.07042228040733796,1
QAT_aug_74,2023-01-01,0.07453202106012805,2
QAT_aug_74,2023-02-01,0.10051799143330013,3
QAT_aug_74,2023-03-01,0.03935468774567724,4
QAT_aug_74,2023-04-01,0.09458658248470901,5
QAT_aug_74,2023-05-01,0.02023145853635647,6
QAT_aug_75,2022-06-01,-0.01811303504395513,-5
QAT_aug_75,2022-07-01,0.0842383658869295,-4
QAT_aug_75,2022-08-01,0.046773369697069425,-3
QAT_aug_75,2022-09-01,0.0530775352711811,-2
QAT_aug_75,2022-10-01,0.11163720794918484,-1
QAT_aug_75,2022-11-01,0.07665606677207512,0
QAT_aug_75,2022-12-01,0.07071430125668351,1
QAT_aug_75,2023-01-01,0.06797293321821027,2
QAT_aug_75,2023-02-01,0.10270244571847871,3
QAT_aug_75,2023-03-01,0.040465070300897514,4
QAT_aug_75,2023-04-01,0.10069908525056115,5
QAT_aug_75,2023-05-01,0.01711701540310429,6
QAT_aug_76,2022-06-01,0.02315137298166073,-5
QAT_aug_76,2022-07-01,-0.028522576485583005,-4
QAT_aug_76,2022-08-01,0.06997232302809694,-3
QAT_aug_76,2022-09-01,0.0429677715097084,-2
QAT_aug_76,2022-10-01,0.05918088719132224,-1
QAT_aug_76,2022-11-01,0.10048214491092275,0
QAT_aug_76,2022-12-01,0.06162731732471686,1
QAT_aug_76,2023-01-01,0.07254091608962616,2
QAT_aug_76,2023-02-01,0.07660452062793954,3
QAT_aug_76,2023-03-01,0.09900327899690813,4
QAT_aug_76,2023-04-01,0.03526157863133485,5
QAT_aug_76,2023-05-01,0.11558753910210538,6
QAT_aug_77,2022-06-01,0.006539194305563803,-5
QAT_aug_77,2022-07-01,-0.037667127917016374,-4
QAT_aug_77,2022-08-01,0.07121247699260164,-3
QAT_aug_77,2022-09-01,0.04437873537948547,-2
QAT_aug_77,2022-10-01,0.0447011624344618,-1
QAT_aug_77,2022-11-01,0.11394397998782542,0
QAT_aug_77,2022-12-01,0.06806760460341134,1
QAT_aug_77,2023-01-01,0.06689102230840235,2
QAT_aug_77,2023-02-01,0.05737315311190476,3
QAT_aug_77,2023-03-01,0.10353818166833424,4
QAT_aug_77,2023-04-01,0.04359066065256894,5
QAT_aug_77,2023-05-01,0.10325425416614259,6
QAT_aug_78,2022-06-01,0.02824380191426194,-5
QAT_aug_78,2022-07-01,-0.02837378650746422,-4
QAT_aug_78,2022-08-01,0.0590591707978476,-3
QAT_aug_78,2022-09-01,0.04208791044550343,-2
QAT_aug_78,2022-10-01,0.050932507436788246,-1
QAT_aug_78,2022-11-01,0.11141381458878023,0
QAT_aug_78,2022-12-01,0.06465572803557659,1
QAT_aug_78,2023-01-01,0.07263436572339504,2
QAT_aug_78,2023-02-01,0.05805417657593458,3
QAT_aug_78,2023-03-01,0.10736014128733422,4
QAT_aug_78,2023-04-01,0.0390931356381689,5
QAT_aug_78,2023-05-01,0.11088326022026637,6
QAT_aug_79,2022-06-01,0.018336284165030817,-5
QAT_aug_79,2022-07-01,-0.019163135325558578,-4
QAT_aug_79,2022-08-01,0.07365086854852004,-3
QAT_aug_79,2022-09-01,0.05084429483273226,-2
QAT_aug_79,2022-10-01,0.05621635579305568,-1
QAT_aug_79,2022-11-01,0.11901916938370682,0
QAT_aug_79,2022-12-01,0.06819047782791035,1
QAT_aug_79,2023-01-01,0.07528839128251312,2
QAT_aug_79,2023-02-01,0.06593508052750637,3
QAT_aug_79,2023-03-01,0.10801057343303012,4
QAT_aug_79,2023-04-01,0.03523403980382976,5
QAT_aug_79,2023-05-01,0.11505672853511224,6
QAT_aug_80,2022-06-01,0.10323985312758466,-5
QAT_aug_80,2022-07-01,0.006630119671191837,-4
QAT_aug_80,2022-08-01,-0.02233005106099226,-3
QAT_aug_80,2022-09-01,0.06513965336299089,-2
QAT_aug_80,2022-10-01,0.05270448105970581,-1
QAT_aug_80,2022-11-01,0.047842026450388556,0
QAT_aug_80,2022-12-01,0.10660686509771948,1
QAT_aug_80,2023-01-01,0.0533855867355098,2
QAT_aug_80,2023-02-01,0.06637084867309623,3
QAT_aug_80,2023-03-01,0.04979495595597314,4
QAT_aug_80,2023-04-01,0.0867075385161298,5
QAT_aug_80,2023-05-01,0.0428763348514402,6
QAT_aug_81,2022-06-01,0.10868112664239463,-5
QAT_aug_81,2022-07-01,0.019324342184013566,-4
QAT_aug_81,2022-08-01,-0.02845786600536852,-3
QAT_aug_81,2022-09-01,0.0687875647276519,-2
QAT_aug_81,2022-10-01,0.047454923573093145,-1
QAT_aug_81,2022-11-01,0.044061025827906074,0
QAT_aug_81,2022-12-01,0.11912679847228189,1
QAT_aug_81,2023-01-01,0.07268495603022937,2
QAT_aug_81,2023-02-01,0.06954656322886098,3
QAT_aug_81,2023-03-01,0.0662119686830706,4
QAT_aug_81,2023-04-01,0.09991981024939912,5
QAT_aug_81,2023-05-01,0.025546971314605878,6
QAT_aug_82,2022-06-01,0.10187604382655302,-5
QAT_aug_82,2022-07-01,0.011446311239606337,-4
QAT_aug_82,2022-08-01,-0.02936030864370136,-3
QAT_aug_82,2022-09-01,0.06717280504729566,-2
QAT_aug_82,2022-10-01,0.05918332012195819,-1
QAT_aug_82,2022-11-01,0.05691763863303602,0
QAT_aug_82,2022-12-01,0.10656012092881315,1
QAT_aug_82,2023-01-01,0.06960164310649115,2
QAT_aug_82,2023-02-01,0.07995708218624865,3
QAT_aug_82,2023-03-01,0.07301713001223795,4
QAT_aug_82,2023-04-01,0.09952225086630123,5
QAT_aug_82,2023-05-01,0.03470164345908237,6
QAT_aug_83,2022-06-01,0.10810418507350754,-5
QAT_aug_83,2022-07-01,0.019064339253379144,-4
QAT_aug_83,2022-08-01,-0.016212457989900533,-3
QAT_aug_83,2022-09-01,0.07433426631543404,-2
QAT_aug_83,2022-10-01,0.05486762948973631,-1
QAT_aug_83,2022-11-01,0.04880048971451882,0
QAT_aug_83,2022-12-01,0.11830704475584805,1
QAT_aug_83,2023-01-01,0.06813663759721167,2
QAT_aug_83,2023-02-01,0.08428445630740282,3
QAT_aug_83,2023-03-01,0.06275588828310041,4
QAT_aug_83,2023-04-01,0.10968748071704107,5
QAT_aug_83,2023-05-01,0.04113731435740663,6
QAT_aug_84,2022-06-01,-0.03410684795809005,-5
QAT_aug_84,2022-07-01,0.08453299905034477,-4
QAT_aug_84,2022-08-01,0.05775000949625242,-3
QAT_aug_84,2022-09-01,0.06946036638715924,-2
QAT_aug_84,2022-10-01,0.14527501670149984,-1
QAT_aug_84,2022-11-01,0.08015642186038148,0
QAT_aug_84,2022-12-01,0.08954155959132945,1
QAT_aug_84,2023-01-01,0.1025952128799833,2
QAT_aug_84,2023-02-01,0.14218043257336183,3
QAT_aug_84,2023-03-01,0.054801201121844945,4
QAT_aug_84,2023-04-01,0.13318481381369987,5
QAT_aug_84,2023-05-01,0.021648261723038846,6
QAT_aug_85,2022-06-01,-0.023444704965073095,-5
QAT_aug_85,2022-07-01,0.08090303868954585,-4
QAT_aug_85,2022-08-01,0.0579701321163921,-3
QAT_aug_85,2022-09-01,0.05183941880729018,-2
QAT_aug_85,2022-10-01,0.1427250590564297,-1
QAT_aug_85,2022-11-01,0.09022912199242684,0
QAT_aug_85,2022-12-01,0.08653610461075807,1
QAT_aug_85,2023-01-01,0.09754793980424853,2
QAT_aug_85,2023-02-01,0.11685504410115582,3
QAT_aug_85,2023-03-01,0.03661282879597605,4
QAT_aug_85,2023-04-01,0.13319979615237026,5
QAT_aug_85,2023-05-01,0.029463789752194464,6
QAT_aug_86,2022-06-01,-0.014422223435877015,-5
QAT_aug_86,2022-07-01,0.0864283793107324,-4
QAT_aug_86,2022-08-01,0.06970462481507113,-3
QAT_aug_86,2022-09-01,0.06658357994575913,-2
QAT_aug_86,2022-10-01,0.1391667621093896,-1
QAT_aug_86,2022-11-01,0.09191775177159617,0
QAT_aug_86,2022-12-01,0.09625182640538157,1
QAT_aug_86,2023-01-01,0.07182488895643055,2
QAT_aug_86,2023-02-01,0.13743135608580284,3
QAT_aug_86,2023-03-01,0.06234978351859603,4
QAT_aug_86,2023-04-01,0.12823763563195495,5
QAT_aug_86,2023-05-01,0.023549357615653833,6
QAT_aug_87,2022-06-01,-0.024451867294905415,-5
QAT_aug_87,2022-07-01,0.09163517942350886,-4
QAT_aug_87,2022-08-01,0.056419511347390205,-3
QAT_aug_87,2022-09-01,0.06011009410622429,-2
QAT_aug_87,2022-10-01,0.13985243067507783,-1
QAT_aug_87,2022-11-01,0.09441299515136185,0
QAT_aug_87,2022-12-01,0.095548949740137,1
QAT_aug_87,2023-01-01,0.08192823467693701,2
QAT_aug_87,2023-02-01,0.13235490791846596,3
QAT_aug_87,2023-03-01,0.026272184946509625,4
QAT_aug_87,2023-04-01,0.140105867087313,5
QAT_aug_87,2023-05-01,0.006564788640140047,6
QAT_aug_88,2022-06-01,0.017517059258418566,-5
QAT_aug_88,2022-07-01,-0.038315195327169115,-4
QAT_aug_88,2022-08-01,0.0773386469070537,-3
QAT_aug_88,2022-09-01,0.06961911888017537,-2
QAT_aug_88,2022-10-01,0.06295859747075719,-1
QAT_aug_88,2022-11-01,0.1432322860005124,0
QAT_aug_88,2022-12-01,0.08442182445148436,1
QAT_aug_88,2023-01-01,0.09413286071539087,2
QAT_aug_88,2023-02-01,0.08557848257667437,3
QAT_aug_88,2023-03-01,0.11534831597860101,4
QAT_aug_88,2023-04-01,0.05722462487368725,5
QAT_aug_88,2023-05-01,0.12891000977689818,6
QAT_aug_89,2022-06-01,0.007451647349684133,-5
QAT_aug_89,2022-07-01,-0.03334749602381469,-4
QAT_aug_89,2022-08-01,0.101326559900247,-3
QAT_aug_89,2022-09-01,0.06905395399476051,-2
QAT_aug_89,2022-10-01,0.06391369410769138,-1
QAT_aug_89,2022-11-01,0.13744945160298405,0
QAT_aug_89,2022-12-01,0.08161135233667935,1
QAT_aug_89,2023-01-01,0.1073762646045663,2
QAT_aug_89,2023-02-01,0.08928367618085419,3
QAT_aug_89,2023-03-01,0.1301045717683224,4
QAT_aug_89,2023-04-01,0.05877421530471072,5
QAT_aug_89,2023-05-01,0.13521725293597683,6
QAT_aug_90,2022-06-01,0.018388607514158127,-5
QAT_aug_90,2022-07-01,-0.030457943867838726,-4
QAT_aug_90,2022-08-01,0.08832042408821014,-3
QAT_aug_90,2022-09-01,0.060460604170973535,-2
QAT_aug_90,2022-10-01,0.0722502375685745,-1
QAT_aug_90,2022-11-01,0.14154465081611117,0
QAT_aug_90,2022-12-01,0.09084830921875053,1
QAT_aug_90,2023-01-01,0.08998151354568044,2
QAT_aug_90,2023-02-01,0.08523848785515273,3
QAT_aug_90,2023-03-01,0.10929072789679065,4
QAT_aug_90,2023-04-01,0.05603239976756036,5
QAT_aug_90,2023-05-01,0.13589040126119184,6
QAT_aug_91,2022-06-01,0.028984298640350254,-5
QAT_aug_91,2022-07-01,-0.052308646137692275,-4
QAT_aug_91,2022-08-01,0.1046568389680041,-3
QAT_aug_91,2022-09-01,0.06099584647385001,-2
QAT_aug_91,2022-10-01,0.07550372730364746,-1
QAT_aug_91,2022-11-01,0.13261987283816426,0
QAT_aug_91,2022-12-01,0.08907416051555324,1
QAT_aug_91,2023-01-01,0.08163080110490291,2
QAT_aug_91,2023-02-01,0.07860325707000788,3
QAT_aug_91,2023-03-01,0.14169907067313176,4
QAT_aug_91,2023-04-01,0.04947497238835633,5
QAT_aug_91,2023-05-01,0.13424139656511122,6
QAT_aug_92,2022-06-01,0.1397655937783825,-5
QAT_aug_92,2022-07-01,0.02537781341829032,-4
QAT_aug_92,2022-08-01,-0.026936883116607874,-3
QAT_aug_92,2022-09-01,0.0923015446665788,-2
QAT_aug_92,2022-10-01,0.08137344658325019,-1
QAT_aug_92,2022-11-01,0.06742113570545437,0
QAT_aug_92,2022-12-01,0.1423885801696512,1
QAT_aug_92,2023-01-01,0.09360107616220953,2
QAT_aug_92,2023-02-01,0.10021593573859308,3
QAT_aug_92,2023-03-01,0.09545702665597909,4
QAT_aug_92,2023-04-01,0.13239193271455382,5
QAT_aug_92,2023-05-01,0.04065132775773935,6
QAT_aug_93,2022-06-01,0.1461999858430326,-5
QAT_aug_93,2022-07-01,0.012087834218550725,-4
QAT_aug_93,2022-08-01,-0.026791227969383248,-3
QAT_aug_93,2022-09-01,0.08287996472122545,-2
QAT_aug_93,2022-10-01,0.059768125000838314,-1
QAT_aug_93,2022-11-01,0.06882892375375972,0
QAT_aug_93,2022-12-01,0.14352271683269094,1
QAT_aug_93,2023-01-01,0.08839854271792984,2
QAT_aug_93,2023-02-01,0.10405418774955214,3
QAT_aug_93,2023-03-01,0.08960287402804262,4
QAT_aug_93,2023-04-01,0.12444907316764699,5
QAT_aug_93,2023-05-01,0.0577322402008925,6
QAT_aug_94,2022-06-01,0.14245783903376338,-5
QAT_aug_94,2022-07-01,0.011082614425919362,-4
QAT_aug_94,2022-08-01,-0.024392686003803912,-3
QAT_aug_94,2022-09-01,0.09535320930819212,-2
QAT_aug_94,2022-10-01,0.05886806527165275,-1
QAT_aug_94,2022-11-01,0.07757658761031126,0
QAT_aug_94,2022-12-01,0.14029781844440437,1
QAT_aug_94,2023-01-01,0.08562466512805751,2
QAT_aug_94,2023-02-01,0.08875600343860796,3
QAT_aug_94,2023-03-01,0.08460210660450239,4
QAT_aug_94,2023-04-01,0.11683859454392151,5
QAT_aug_94,2023-05-01,0.036816447946894724,6
QAT_aug_95,2022-06-01,0.14587187470755666,-5
QAT_aug_95,2022-07-01,0.014583261492115215,-4
QAT_aug_95,2022-08-01,-0.03748502330414013,-3
QAT_aug_95,2022-09-01,0.0701716408616636,-2
QAT_aug_95,2022-10-01,0.05383534067330783,-1
QAT_aug_95,2022-11-01,0.05439772730341075,0
QAT_aug_95,2022-12-01,0.15341949501690336,1
QAT_aug_95,2023-01-01,0.09420090214724229,2
QAT_aug_95,2023-02-01,0.085148375804492,3
QAT_aug_95,2023-03-01,0.10314782143854573,4
QAT_aug_95,2023-04-01,0.13594156700476392,5
QAT_aug_95,2023-05-01,0.04785149436885734,6
QAT_aug_96,2022-06-01,-0.04612382491505716,-5
QAT_aug_96,2022-07-01,0.09895209795213013,-4
QAT_aug_96,2022-08-01,0.04699792736842715,-3
QAT_aug_96,2022-09-01,0.04772311132233746,-2
QAT_aug_96,2022-10-01,0.13734247234737226,-1
QAT_aug_96,2022-11-01,0.0982058161642841,0
QAT_aug_96,2022-12-01,0.09618493375376846,1
QAT_aug_96,2023-01-01,0.08401129890399905,2
QAT_aug_96,2023-02-01,0.12216801996624187,3
QAT_aug_96,2023-03-01,0.05329771785415337,4
QAT_aug_96,2023-04-01,0.1294910878801821,5
QAT_aug_96,2023-05-01,0.02185884261789106,6
QAT_aug_97,2022-06-01,-0.025750392508413187,-5
QAT_aug_97,2022-07-01,0.08227908348345203,-4
QAT_aug_97,2022-08-01,0.050544706452342755,-3
QAT_aug_97,2022-09-01,0.05870572271862727,-2
QAT_aug_97,2022-10-01,0.11703316328953417,-1
QAT_aug_97,2022-11-01,0.07660693863786641,0
QAT_aug_97,2022-12-01,0.07576861607571034,1
QAT_aug_97,2023-01-01,0.06921572819599828,2
QAT_aug_97,2023-02-01,0.11765547674968732,3
QAT_aug_97,2023-03-01,0.05712601148111558,4
QAT_aug_97,2023-04-01,0.13106594347660167,5
QAT_aug_97,2023-05-01,0.007503982519360861,6
QAT_aug_98,2022-06-01,-0.03430969414146213,-5
QAT_aug_98,2022-07-01,0.08939797091445963,-4
QAT_aug_98,2022-08-01,0.049365743078894395,-3
QAT_aug_98,2022-09-01,0.059043357700234875,-2
QAT_aug_98,2022-10-01,0.13461378348043948,-1
QAT_aug_98,2022-11-01,0.07130365896698884,0
QAT_aug_98,2022-12-01,0.08387512939414517,1
QAT_aug_98,2023-01-01,0.0681063151487384,2
QAT_aug_98,2023-02-01,0.11144709510749579,3
QAT_aug_98,2023-03-01,0.04820447777326964,4
QAT_aug_98,2023-04-01,0.11065121912003538,5
QAT_aug_98,2023-05-01,0.021492900842683904,6
QAT_aug_99,2022-06-01,-0.02671944186673659,-5
QAT_aug_99,2022-07-01,0.08700922517463595,-4
QAT_aug_99,2022-08-01,0.05860149916591786,-3
QAT_aug_99,2022-09-01,0.07226604950108059,-2
QAT_aug_99,2022-10-01,0.13242109281865835,-1
QAT_aug_99,2022-11-01,0.07533324521974048,0
QAT_aug_99,2022-12-01,0.08435240389948986,1
QAT_aug_99,2023-01-01,0.08283736838366745,2
QAT_aug_99,2023-02-01,0.11779588658580119,3
QAT_aug_99,2023-03-01,0.04656313156769476,4
QAT_aug_99,2023-04-01,0.11748291260046134,5
QAT_aug_99,2023-05-01,0.013443565143893051,6
QAT_aug_100,2022-06-01,0.008122633849725853,-5
QAT_aug_100,2022-07-01,-0.013814496998432206,-4
QAT_aug_100,2022-08-01,0.07405704332407542,-3
QAT_aug_100,2022-09-01,0.050318845570327904,-2
QAT_aug_100,2022-10-01,0.055261103655282626,-1
QAT_aug_100,2022-11-01,0.1369887453158315,0
QAT_aug_100,2022-12-01,0.07677628024424688,1
QAT_aug_100,2023-01-01,0.09328259529703561,2
QAT_aug_100,2023-02-01,0.07408015972328362,3
QAT_aug_100,2023-03-01,0.11884724822564392,4
QAT_aug_100,2023-04-01,0.03979881779396453,5
QAT_aug_100,2023-05-01,0.13918311715202214,6
QAT_aug_101,2022-06-01,0.009805079736027013,-5
QAT_aug_101,2022-07-01,-0.024936717112366173,-4
QAT_aug_101,2022-08-01,0.08779787037450738,-3
QAT_aug_101,2022-09-01,0.060154857784818855,-2
QAT_aug_101,2022-10-01,0.06027458924646764,-1
QAT_aug_101,2022-11-01,0.1293990950324713,0
QAT_aug_101,2022-12-01,0.07877757887556835,1
QAT_aug_101,2023-01-01,0.08253988530829161,2
QAT_aug_101,2023-02-01,0.0859733308867426,3
QAT_aug_101,2023-03-01,0.1349794533401301,4
QAT_aug_101,2023-04-01,0.04335367783178179,5
QAT_aug_101,2023-05-01,0.11198256537102057,6
QAT_aug_102,2022-06-01,0.018407318603120792,-5
QAT_aug_102,2022-07-01,-0.00643846280716975,-4
QAT_aug_102,2022-08-01,0.07813280794849568,-3
QAT_aug_102,2022-09-01,0.06891591552975065,-2
QAT_aug_102,2022-10-01,0.07560240914891436,-1
QAT_aug_102,2022-11-01,0.12739485965556038,0
QAT_aug_102,2022-12-01,0.08271556315794792,1
QAT_aug_102,2023-01-01,0.09676954117363687,2
QAT_aug_102,2023-02-01,0.07668199139813575,3
QAT_aug_102,2023-03-01,0.11529373281218012,4
QAT_aug_102,2023-04-01,0.04147966009432899,5
QAT_aug_102,2023-05-01,0.11460044930139414,6
QAT_aug_103,2022-06-01,0.014017483797761911,-5
QAT_aug_103,2022-07-01,-0.036578015541026146,-4
QAT_aug_103,2022-08-01,0.08210894008668712,-3
QAT_aug_103,2022-09-01,0.05040487639422792,-2
QAT_aug_103,2022-10-01,0.06271945437912757,-1
QAT_aug_103,2022-11-01,0.11844917959332249,0
QAT_aug_103,2022-12-01,0.08008680346739716,1
QAT_aug_103,2023-01-01,0.09032466438663925,2
QAT_aug_103,2023-02-01,0.06349599192917713,3
QAT_aug_103,2023-03-01,0.11868530896778944,4
QAT_aug_103,2023-04-01,0.05592822497184315,5
QAT_aug_103,2023-05-01,0.11431199569462035,6
QAT_aug_104,2022-06-01,0.1360313817961083,-5
QAT_aug_104,2022-07-01,0.023497083491241327,-4
QAT_aug_104,2022-08-01,-0.03170607955661416,-3
QAT_aug_104,2022-09-01,0.08182278487640186,-2
QAT_aug_104,2022-10-01,0.06077444204331417,-1
QAT_aug_104,2022-11-01,0.06237225336959232,0
QAT_aug_104,2022-12-01,0.13481028282496296,1
QAT_aug_104,2023-01-01,0.07169350402035896,2
QAT_aug_104,2023-02-01,0.08440918321552542,3
QAT_aug_104,2023-03-01,0.06752844750119438,4
QAT_aug_104,2023-04-01,0.11523303749626257,5
QAT_aug_104,2023-05-01,0.038953015675734184,6
QAT_aug_105,2022-06-01,0.11718778771649022,-5
QAT_aug_105,2022-07-01,0.028278089128388494,-4
QAT_aug_105,2022-08-01,-0.01724054965148796,-3
QAT_aug_105,2022-09-01,0.08826372058109336,-2
QAT_aug_105,2022-10-01,0.04840927975019201,-1
QAT_aug_105,2022-11-01,0.0582433529297462,0
QAT_aug_105,2022-12-01,0.13973370284072664,1
QAT_aug_105,2023-01-01,0.08042814929991564,2
QAT_aug_105,2023-02-01,0.10198038614007188,3
QAT_aug_105,2023-03-01,0.08317239264180293,4
QAT_aug_105,2023-04-01,0.11894502428788203,5
QAT_aug_105,2023-05-01,0.0439249822393939,6
QAT_aug_106,2022-06-01,0.12398833687679195,-5
QAT_aug_106,2022-07-01,0.017994474088570456,-4
QAT_aug_106,2022-08-01,-0.02111922015669587,-3
QAT_aug_106,2022-09-01,0.09065149541382045,-2
QAT_aug_106,2022-10-01,0.05101063383996115,-1
QAT_aug_106,2022-11-01,0.05052489780272645,0
QAT_aug_106,2022-12-01,0.11521210356192152,1
QAT_aug_106,2023-01-01,0.08119567779196288,2
QAT_aug_106,2023-02-01,0.07526320031262435,3
QAT_aug_106,2023-03-01,0.06096160716266974,4
QAT_aug_106,2023-04-01,0.11858204830018815,5
QAT_aug_106,2023-05-01,0.06582070071057461,6
QAT_aug_107,2022-06-01,0.12289586320433021,-5
QAT_aug_107,2022-07-01,0.025655324767624946,-4
QAT_aug_107,2022-08-01,-0.02536427809183137,-3
QAT_aug_107,2022-09-01,0.08202810455614336,-2
QAT_aug_107,2022-10-01,0.06361490798847966,-1
QAT_aug_107,2022-11-01,0.05974917514233493,0
QAT_aug_107,2022-12-01,0.13246235296820055,1
QAT_aug_107,2023-01-01,0.08121422033072932,2
QAT_aug_107,2023-02-01,0.07867085805597426,3
QAT_aug_107,2023-03-01,0.08586259282265413,4
QAT_aug_107,2023-04-01,0.11630338207789999,5
QAT_aug_107,2023-05-01,0.040204000817127494,6
QAT_aug_108,2022-06-01,-0.023064124767118346,-5
QAT_aug_108,2022-07-01,0.07839550712684536,-4
QAT_aug_108,2022-08-01,0.057878099995382286,-3
QAT_aug_108,2022-09-01,0.0632179849256758,-2
QAT_aug_108,2022-10-01,0.14332951001125285,-1
QAT_aug_108,2022-11-01,0.08555495207881855,0
QAT_aug_108,2022-12-01,0.08646463693745865,1
QAT_aug_108,2023-01-01,0.08758770924755334,2
QAT_aug_108,2023-02-01,0.13247314382321906,3
QAT_aug_108,2023-03-01,0.053128697307970464,4
QAT_aug_108,2023-04-01,0.1273271680842052,5
QAT_aug_108,2023-05-01,0.009155488459526654,6
QAT_aug_109,2022-06-01,-0.03598726198498496,-5
QAT_aug_109,2022-07-01,0.08207626970610873,-4
QAT_aug_109,2022-08-01,0.053047702376339614,-3
QAT_aug_109,2022-09-01,0.061369541703940725,-2
QAT_aug_109,2022-10-01,0.13486656735011532,-1
QAT_aug_109,2022-11-01,0.08527441806708815,0
QAT_aug_109,2022-12-01,0.08607372657402554,1
QAT_aug_109,2023-01-01,0.08488135505097347,2
QAT_aug_109,2023-02-01,0.1215444893384793,3
QAT_aug_109,2023-03-01,0.03175296819146724,4
QAT_aug_109,2023-04-01,0.11783498112461903,5
QAT_aug_109,2023-05-01,0.017765431229857964,6
QAT_aug_110,2022-06-01,-0.03715385396191775,-5
QAT_aug_110,2022-07-01,0.08927990886831534,-4
QAT_aug_110,2022-08-01,0.07093349902471593,-3
QAT_aug_110,2022-09-01,0.07424277951103617,-2
QAT_aug_110,2022-10-01,0.13378896232287638,-1
QAT_aug_110,2022-11-01,0.09293655551827151,0
QAT_aug_110,2022-12-01,0.08849786741165394,1
QAT_aug_110,2023-01-01,0.07844347507555693,2
QAT_aug_110,2023-02-01,0.11552388857015622,3
QAT_aug_110,2023-03-01,0.044736748218322915,4
QAT_aug_110,2023-04-01,0.12339332773376831,5
QAT_aug_110,2023-05-01,0.02077878327212697,6
QAT_aug_111,2022-06-01,-0.02609746607130816,-5
QAT_aug_111,2022-07-01,0.0854100211012141,-4
QAT_aug_111,2022-08-01,0.06177658119410305,-3
QAT_aug_111,2022-09-01,0.07323225742498536,-2
QAT_aug_111,2022-10-01,0.14308643956589015,-1
QAT_aug_111,2022-11-01,0.06972261192579017,0
QAT_aug_111,2022-12-01,0.06470460544111606,1
QAT_aug_111,2023-01-01,0.0866658951820306,2
QAT_aug_111,2023-02-01,0.11014794918542176,3
QAT_aug_111,2023-03-01,0.04490364488270462,4
QAT_aug_111,2023-04-01,0.11709834491454246,5
QAT_aug_111,2023-05-01,0.004325226651064683,6
QAT_aug_112,2022-06-01,0.024061837837632973,-5
QAT_aug_112,2022-07-01,-0.020893749176393306,-4
QAT_aug_112,2022-08-01,0.08117905416696855,-3
QAT_aug_112,2022-09-01,0.036982399847905245,-2
QAT_aug_112,2022-10-01,0.05709575346782142,-1
QAT_aug_112,2022-11-01,0.13720509197213532,0
QAT_aug_112,2022-12-01,0.06926757957137968,1
QAT_aug_112,2023-01-01,0.08675216371794015,2
QAT_aug_112,2023-02-01,0.08089041355242615,3
QAT_aug_112,2023-03-01,0.1253568805204882,4
QAT_aug_112,2023-04-01,0.048983697877772715,5
QAT_aug_112,2023-05-01,0.11903742654292963,6
QAT_aug_113,2022-06-01,0.029347762111920264,-5
QAT_aug_113,2022-07-01,-0.027845961418094353,-4
QAT_aug_113,2022-08-01,0.08501549024636967,-3
QAT_aug_113,2022-09-01,0.050686933779092766,-2
QAT_aug_113,2022-10-01,0.059099388329709936,-1
QAT_aug_113,2022-11-01,0.12707591589399272,0
QAT_aug_113,2022-12-01,0.07893824808613677,1
QAT_aug_113,2023-01-01,0.09991169347685477,2
QAT_aug_113,2023-02-01,0.07107059962716955,3
QAT_aug_113,2023-03-01,0.10682285170687097,4
QAT_aug_113,2023-04-01,0.05830319882871047,5
QAT_aug_113,2023-05-01,0.1259974920375586,6
QAT_aug_114,2022-06-01,0.014294301409456221,-5
QAT_aug_114,2022-07-01,-0.019464366442463507,-4
QAT_aug_114,2022-08-01,0.08106654028476143,-3
QAT_aug_114,2022-09-01,0.07261296265227614,-2
QAT_aug_114,2022-10-01,0.07002262773374017,-1
QAT_aug_114,2022-11-01,0.13121317045116615,0
QAT_aug_114,2022-12-01,0.09809461483260118,1
QAT_aug_114,2023-01-01,0.08285236196973583,2
QAT_aug_114,2023-02-01,0.08666799333471881,3
QAT_aug_114,2023-03-01,0.12359208731660576,4
QAT_aug_114,2023-04-01,0.05837125266162564,5
QAT_aug_114,2023-05-01,0.14029178159908842,6
QAT_aug_115,2022-06-01,0.019951131983408116,-5
QAT_aug_115,2022-07-01,-0.03345015914629556,-4
QAT_aug_115,2022-08-01,0.08846759907908706,-3
QAT_aug_115,2022-09-01,0.05304436679303786,-2
QAT_aug_115,2022-10-01,0.07912345087918266,-1
QAT_aug_115,2022-11-01,0.13703055290956018,0
QAT_aug_115,2022-12-01,0.07823794779609367,1
QAT_aug_115,2023-01-01,0.08753051626227523,2
QAT_aug_115,2023-02-01,0.07021090109804035,3
QAT_aug_115,2023-03-01,0.11192900511946466,4
QAT_aug_115,2023-04-01,0.05655551950383378,5
QAT_aug_115,2023-05-01,0.12223657702269619,6
QAT_aug_116,2022-06-01,0.11832485414736141,-5
QAT_aug_116,2022-07-01,0.023300094678454602,-4
QAT_aug_116,2022-08-01,-0.017517213191973947,-3
QAT_aug_116,2022-09-01,0.09192082678008517,-2
QAT_aug_116,2022-10-01,0.06684511450965706,-1
QAT_aug_116,2022-11-01,0.057952567562539,0
QAT_aug_116,2022-12-01,0.12264477360630753,1
QAT_aug_116,2023-01-01,0.09206840742618638,2
QAT_aug_116,2023-02-01,0.08462037534592708,3
QAT_aug_116,2023-03-01,0.07880758857158913,4
QAT_aug_116,2023-04-01,0.1312213547356283,5
QAT_aug_116,2023-05-01,0.053008816111396455,6
QAT_aug_117,2022-06-01,0.1304505968316211,-5
QAT_aug_117,2022-07-01,0.03747661933443823,-4
QAT_aug_117,2022-08-01,-0.03106354424422648,-3
QAT_aug_117,2022-09-01,0.09244697022350731,-2
QAT_aug_117,2022-10-01,0.05931328558995115,-1
QAT_aug_117,2022-11-01,0.0655815997993581,0
QAT_aug_117,2022-12-01,0.14710281214665047,1
QAT_aug_117,2023-01-01,0.0861452565586715,2
QAT_aug_117,2023-02-01,0.09106048211917404,3
QAT_aug_117,2023-03-01,0.09003647684867816,4
QAT_aug_117,2023-04-01,0.11852072267669535,5
QAT_aug_117,2023-05-01,0.04066238883332009,6
QAT_aug_118,2022-06-01,0.11834181300389363,-5
QAT_aug_118,2022-07-01,0.0031053307365980047,-4
QAT_aug_118,2022-08-01,-0.012221622523550475,-3
QAT_aug_118,2022-09-01,0.07767142226511924,-2
QAT_aug_118,2022-10-01,0.05580349890301384,-1
QAT_aug_118,2022-11-01,0.06088047251737436,0
QAT_aug_118,2022-12-01,0.13684801160684704,1
QAT_aug_118,2023-01-01,0.08775202120530316,2
QAT_aug_118,2023-02-01,0.0937975681657451,3
QAT_aug_118,2023-03-01,0.07691218263362243,4
QAT_aug_118,2023-04-01,0.11899377795767335,5
QAT_aug_118,2023-05-01,0.049754339948989264,6
QAT_aug_119,2022-06-01,0.12476550932802738,-5
QAT_aug_119,2022-07-01,0.03249047420616235,-4
QAT_aug_119,2022-08-01,-0.02233629816421507,-3
QAT_aug_119,2022-09-01,0.09163689266346772,-2
QAT_aug_119,2022-10-01,0.06413257062880179,-1
QAT_aug_119,2022-11-01,0.0732953264737351,0
QAT_aug_119,2022-12-01,0.13689072187117377,1
QAT_aug_119,2023-01-01,0.07070983447790775,2
QAT_aug_119,2023-02-01,0.0886210961094554,3
QAT_aug_119,2023-03-01,0.07591824031207065,4
QAT_aug_119,2023-04-01,0.11599189376554477,5
QAT_aug_119,2023-05-01,0.05194859865838016,6
CMR_aug_0,2021-08-01,0.007061274532981727,-5
CMR_aug_0,2021-09-01,0.012801881691998335,-4
CMR_aug_0,2021-10-01,0.0014383090976955969,-3
CMR_aug_0,2021-11-01,0.05071944384157955,-2
CMR_aug_0,2021-12-01,0.15560846025902456,-1
CMR_aug_0,2022-01-01,0.14586153106948044,0
CMR_aug_0,2022-02-01,0.13205532309807458,1
CMR_aug_0,2022-03-01,0.088020501933713,2
CMR_aug_0,2022-04-01,0.08971180108584548,3
CMR_aug_0,2022-05-01,0.12184725675346347,4
CMR_aug_0,2022-06-01,0.10141104167621465,5
CMR_aug_0,2022-07-01,0.01173930759851385,6
CMR_aug_1,2021-08-01,0.006532602453456134,-5
CMR_aug_1,2021-09-01,0.0051386046599144145,-4
CMR_aug_1,2021-10-01,-0.004038584726467069,-3
CMR_aug_1,2021-11-01,0.05382116055663619,-2
CMR_aug_1,2021-12-01,0.15456605393779546,-1
CMR_aug_1,2022-01-01,0.1536221593213347,0
CMR_aug_1,2022-02-01,0.1402364343192844,1
CMR_aug_1,2022-03-01,0.09293467654433699,2
CMR_aug_1,2022-04-01,0.0787211265772233,3
CMR_aug_1,2022-05-01,0.10923194818546086,4
CMR_aug_1,2022-06-01,0.10324393225820232,5
CMR_aug_1,2022-07-01,0.0084145079012785,6
CMR_aug_2,2021-08-01,0.009543428248065623,-5
CMR_aug_2,2021-09-01,0.008493377055166786,-4
CMR_aug_2,2021-10-01,0.000406518941934551,-3
CMR_aug_2,2021-11-01,0.06222382093358978,-2
CMR_aug_2,2021-12-01,0.1570026632703643,-1
CMR_aug_2,2022-01-01,0.14169461521035676,0
CMR_aug_2,2022-02-01,0.12369780390433029,1
CMR_aug_2,2022-03-01,0.0858464488212968,2
CMR_aug_2,2022-04-01,0.07553738350845386,3
CMR_aug_2,2022-05-01,0.12395315491292803,4
CMR_aug_2,2022-06-01,0.10650898652134815,5
CMR_aug_2,2022-07-01,0.013923164799287287,6
CMR_aug_3,2021-08-01,0.008493967714445466,-5
CMR_aug_3,2021-09-01,0.02139779235826123,-4
CMR_aug_3,2021-10-01,0.020099722608936485,-3
CMR_aug_3,2021-11-01,0.07792882837318496,-2
CMR_aug_3,2021-12-01,0.1821448332259494,-1
CMR_aug_3,2022-01-01,0.17310669710112236,0
CMR_aug_3,2022-02-01,0.15933157658751063,1
CMR_aug_3,2022-03-01,0.10113363969115312,2
CMR_aug_3,2022-04-01,0.08500122845395192,3
CMR_aug_3,2022-05-01,0.11620534708536887,4
CMR_aug_3,2022-06-01,0.10318339221200395,5
CMR_aug_3,2022-07-01,0.0079146198637223,6
CMR_aug_4,2021-08-01,0.014098631518777986,-5
CMR_aug_4,2021-09-01,0.008001119572395805,-4
CMR_aug_4,2021-10-01,0.01015676656542837,-3
CMR_aug_4,2021-11-01,0.008713510210083411,-2
CMR_aug_4,2021-12-01,0.056411898506163065,-1
CMR_aug_4,2022-01-01,0.15978276359230012,0
CMR_aug_4,2022-02-01,0.14961764205056724,1
CMR_aug_4,2022-03-01,0.127451133260841,2
CMR_aug_4,2022-04-01,0.0809038759617026,3
CMR_aug_4,2022-05-01,0.074430548421534,4
CMR_aug_4,2022-06-01,0.11722717016968291,5
CMR_aug_4,2022-07-01,0.10846449348708441,6
CMR_aug_5,2021-08-01,0.004330512986051144,-5
CMR_aug_5,2021-09-01,0.006090421828046657,-4
CMR_aug_5,2021-10-01,0.01521511801881674,-3
CMR_aug_5,2021-11-01,0.007261727559085449,-2
CMR_aug_5,2021-12-01,0.06056538628749235,-1
CMR_aug_5,2022-01-01,0.1584173745572692,0
CMR_aug_5,2022-02-01,0.1505937837073042,1
CMR_aug_5,2022-03-01,0.1449298582105776,2
CMR_aug_5,2022-04-01,0.10462193689672825,3
CMR_aug_5,2022-05-01,0.10091224545104421,4
CMR_aug_5,2022-06-01,0.1248730095953968,5
CMR_aug_5,2022-07-01,0.10401645591746397,6
CMR_aug_6,2021-08-01,0.010944916122134088,-5
CMR_aug_6,2021-09-01,-0.009726551224808325,-4
CMR_aug_6,2021-10-01,-0.0012385855787402137,-3
CMR_aug_6,2021-11-01,-0.00869441950969737,-2
CMR_aug_6,2021-12-01,0.04774916453414098,-1
CMR_aug_6,2022-01-01,0.1456090122935724,0
CMR_aug_6,2022-02-01,0.14642655273207741,1
CMR_aug_6,2022-03-01,0.13273249900182307,2
CMR_aug_6,2022-04-01,0.07852329687259535,3
CMR_aug_6,2022-05-01,0.057105994943783024,4
CMR_aug_6,2022-06-01,0.09604002362617872,5
CMR_aug_6,2022-07-01,0.09973273807236172,6
CMR_aug_7,2021-08-01,0.019576443168283282,-5
CMR_aug_7,2021-09-01,0.003915542521194877,-4
CMR_aug_7,2021-10-01,0.0033025845653479498,-3
CMR_aug_7,2021-11-01,-0.001934620402582183,-2
CMR_aug_7,2021-12-01,0.04958030345383986,-1
CMR_aug_7,2022-01-01,0.15769059996076806,0
CMR_aug_7,2022-02-01,0.15653430511961783,1
CMR_aug_7,2022-03-01,0.14997955255733442,2
CMR_aug_7,2022-04-01,0.09697967216973524,3
CMR_aug_7,2022-05-01,0.08550756364860641,4
CMR_aug_7,2022-06-01,0.11160352355296221,5
CMR_aug_7,2022-07-01,0.09615114493297208,6
CMR_aug_8,2021-08-01,0.10142039680680155,-5
CMR_aug_8,2021-09-01,0.011307530265743711,-4
CMR_aug_8,2021-10-01,0.005760301549447319,-3
CMR_aug_8,2021-11-01,0.0034861502197370705,-2
CMR_aug_8,2021-12-01,0.004010186950855343,-1
CMR_aug_8,2022-01-01,0.05797740973172193,0
CMR_aug_8,2022-02-01,0.16188491680563843,1
CMR_aug_8,2022-03-01,0.15095442219369473,2
CMR_aug_8,2022-04-01,0.12524469798529844,3
CMR_aug_8,2022-05-01,0.08480803445632237,4
CMR_aug_8,2022-06-01,0.08210809567941603,5
CMR_aug_8,2022-07-01,0.1125501228328041,6
CMR_aug_9,2021-08-01,0.10308649514077475,-5
CMR_aug_9,2021-09-01,0.013347247769316868,-4
CMR_aug_9,2021-10-01,-0.006832813110584497,-3
CMR_aug_9,2021-11-01,-0.003999196437132103,-2
CMR_aug_9,2021-12-01,-0.005329278588228251,-1
CMR_aug_9,2022-01-01,0.04569017123415569,0
CMR_aug_9,2022-02-01,0.15485080926998473,1
CMR_aug_9,2022-03-01,0.14244451804094393,2
CMR_aug_9,2022-04-01,0.13554577887373642,3
CMR_aug_9,2022-05-01,0.08698273785385972,4
CMR_aug_9,2022-06-01,0.07031675526631953,5
CMR_aug_9,2022-07-01,0.11229382754300199,6
CMR_aug_10,2021-08-01,0.09853571753695549,-5
CMR_aug_10,2021-09-01,0.002550759384930974,-4
CMR_aug_10,2021-10-01,-0.004574863266266181,-3
CMR_aug_10,2021-11-01,0.007146624888269885,-2
CMR_aug_10,2021-12-01,-0.007603082022313213,-1
CMR_aug_10,2022-01-01,0.05152869913115086,0
CMR_aug_10,2022-02-01,0.15981066230262533,1
CMR_aug_10,2022-03-01,0.15764217651759155,2
CMR_aug_10,2022-04-01,0.14481108749860144,3
CMR_aug_10,2022-05-01,0.09175370065140614,4
CMR_aug_10,2022-06-01,0.07821328525956928,5
CMR_aug_10,2022-07-01,0.11183994423947094,6
CMR_aug_11,2021-08-01,0.09661937866603447,-5
CMR_aug_11,2021-09-01,-0.010810354170349432,-4
CMR_aug_11,2021-10-01,-0.01282812466732355,-3
CMR_aug_11,2021-11-01,-0.00016830291315369323,-2
CMR_aug_11,2021-12-01,-0.020502942202273458,-1
CMR_aug_11,2022-01-01,0.03618417498250317,0
CMR_aug_11,2022-02-01,0.14987416572045206,1
CMR_aug_11,2022-03-01,0.15825392502392352,2
CMR_aug_11,2022-04-01,0.1443666611630787,3
CMR_aug_11,2022-05-01,0.08938526716126062,4
CMR_aug_11,2022-06-01,0.08017287628036203,5
CMR_aug_11,2022-07-01,0.1205633430778162,6
CMR_aug_12,2021-08-01,-0.004322183427292585,-5
CMR_aug_12,2021-09-01,-0.0037931321347486474,-4
CMR_aug_12,2021-10-01,-0.013404704422866592,-3
CMR_aug_12,2021-11-01,0.04673759530282215,-2
CMR_aug_12,2021-12-01,0.16677404637085336,-1
CMR_aug_12,2022-01-01,0.17276295030803857,0
CMR_aug_12,2022-02-01,0.15975502012251108,1
CMR_aug_12,2022-03-01,0.10197427984030513,2
CMR_aug_12,2022-04-01,0.09013526792492522,3
CMR_aug_12,2022-05-01,0.11568101733058868,4
CMR_aug_12,2022-06-01,0.11136690746320653,5
CMR_aug_12,2022-07-01,0.009499752073849498,6
CMR_aug_13,2021-08-01,-0.0014145119404327334,-5
CMR_aug_13,2021-09-01,0.023232628635314577,-4
CMR_aug_13,2021-10-01,0.01088095995417052,-3
CMR_aug_13,2021-11-01,0.06543317708720114,-2
CMR_aug_13,2021-12-01,0.17676760418717619,-1
CMR_aug_13,2022-01-01,0.1769633313163938,0
CMR_aug_13,2022-02-01,0.161460235698321,1
CMR_aug_13,2022-03-01,0.09579065528703143,2
CMR_aug_13,2022-04-01,0.09326036265678893,3
CMR_aug_13,2022-05-01,0.12351573427588043,4
CMR_aug_13,2022-06-01,0.123177352720977,5
CMR_aug_13,2022-07-01,0.025212227841393167,6
CMR_aug_14,2021-08-01,-0.0030813541523101065,-5
CMR_aug_14,2021-09-01,0.010091889730168255,-4
CMR_aug_14,2021-10-01,3.834986444317158e-06,-3
CMR_aug_14,2021-11-01,0.06764659478964728,-2
CMR_aug_14,2021-12-01,0.18404797128236622,-1
CMR_aug_14,2022-01-01,0.16972986707503315,0
CMR_aug_14,2022-02-01,0.15153922272134776,1
CMR_aug_14,2022-03-01,0.10408552873051069,2
CMR_aug_14,2022-04-01,0.09138272913952335,3
CMR_aug_14,2022-05-01,0.12381981298303461,4
CMR_aug_14,2022-06-01,0.10572780200649082,5
CMR_aug_14,2022-07-01,0.008583224014505366,6
CMR_aug_15,2021-08-01,0.01259653350240081,-5
CMR_aug_15,2021-09-01,0.006677994767901849,-4
CMR_aug_15,2021-10-01,-0.002719854607460329,-3
CMR_aug_15,2021-11-01,0.06918564881681163,-2
CMR_aug_15,2021-12-01,0.18162759157076794,-1
CMR_aug_15,2022-01-01,0.17610465258742583,0
CMR_aug_15,2022-02-01,0.15349987446268445,1
CMR_aug_15,2022-03-01,0.10173498014483391,2
CMR_aug_15,2022-04-01,0.09061726292056527,3
CMR_aug_15,2022-05-01,0.13194904635135365,4
CMR_aug_15,2022-06-01,0.12494773501459942,5
CMR_aug_15,2022-07-01,0.03591259720207828,6
CMR_aug_16,2021-08-01,0.014783117009694178,-5
CMR_aug_16,2021-09-01,0.004347571784632459,-4
CMR_aug_16,2021-10-01,0.008638020717648466,-3
CMR_aug_16,2021-11-01,-0.003669951046220306,-2
CMR_aug_16,2021-12-01,0.06179634500373042,-1
CMR_aug_16,2022-01-01,0.17497444921614838,0
CMR_aug_16,2022-02-01,0.16955435332651744,1
CMR_aug_16,2022-03-01,0.16366361527228035,2
CMR_aug_16,2022-04-01,0.10006949943941831,3
CMR_aug_16,2022-05-01,0.09771079451544966,4
CMR_aug_16,2022-06-01,0.1391120874711267,5
CMR_aug_16,2022-07-01,0.12193607936660036,6
CMR_aug_17,2021-08-01,-0.0020918676488799973,-5
CMR_aug_17,2021-09-01,-0.013600256382334206,-4
CMR_aug_17,2021-10-01,0.002639317061585442,-3
CMR_aug_17,2021-11-01,-0.005913686647048626,-2
CMR_aug_17,2021-12-01,0.051828833732058974,-1
CMR_aug_17,2022-01-01,0.1665100942675855,0
CMR_aug_17,2022-02-01,0.1676757760219526,1
CMR_aug_17,2022-03-01,0.15749958924846533,2
CMR_aug_17,2022-04-01,0.100438758821771,3
CMR_aug_17,2022-05-01,0.08856421818514253,4
CMR_aug_17,2022-06-01,0.12187044664349311,5
CMR_aug_17,2022-07-01,0.10453253195501472,6
CMR_aug_18,2021-08-01,0.021252936088952123,-5
CMR_aug_18,2021-09-01,0.004944289716670128,-4
CMR_aug_18,2021-10-01,0.015455265324545091,-3
CMR_aug_18,2021-11-01,0.01293375777253971,-2
CMR_aug_18,2021-12-01,0.07783915086622026,-1
CMR_aug_18,2022-01-01,0.1856419947646838,0
CMR_aug_18,2022-02-01,0.17868307842337292,1
CMR_aug_18,2022-03-01,0.1618362943946301,2
CMR_aug_18,2022-04-01,0.09939991592405614,3
CMR_aug_18,2022-05-01,0.09213586241737111,4
CMR_aug_18,2022-06-01,0.11951702708623312,5
CMR_aug_18,2022-07-01,0.11602360276372699,6
CMR_aug_19,2021-08-01,0.008260152555106304,-5
CMR_aug_19,2021-09-01,-0.0011143478470231106,-4
CMR_aug_19,2021-10-01,0.00527180211643354,-3
CMR_aug_19,2021-11-01,-0.0054980268200085355,-2
CMR_aug_19,2021-12-01,0.06203427603043861,-1
CMR_aug_19,2022-01-01,0.17402400933638898,0
CMR_aug_19,2022-02-01,0.1732622580639743,1
CMR_aug_19,2022-03-01,0.1496876511579047,2
CMR_aug_19,2022-04-01,0.09711186705943746,3
CMR_aug_19,2022-05-01,0.10057857784864709,4
CMR_aug_19,2022-06-01,0.12669505546370313,5
CMR_aug_19,2022-07-01,0.10952482756345541,6
CMR_aug_20,2021-08-01,0.11621559979140564,-5
CMR_aug_20,2021-09-01,0.014589006255814897,-4
CMR_aug_20,2021-10-01,0.0043633292853300235,-3
CMR_aug_20,2021-11-01,0.010490835400188532,-2
CMR_aug_20,2021-12-01,0.003831228210670054,-1
CMR_aug_20,2022-01-01,0.0719994963420418,0
CMR_aug_20,2022-02-01,0.1867053205643688,1
CMR_aug_20,2022-03-01,0.17541757784803133,2
CMR_aug_20,2022-04-01,0.16384412958231437,3
CMR_aug_20,2022-05-01,0.11835423607546564,4
CMR_aug_20,2022-06-01,0.10289009034666519,5
CMR_aug_20,2022-07-01,0.12851585320748057,6
CMR_aug_21,2021-08-01,0.11992088442102566,-5
CMR_aug_21,2021-09-01,0.01537559946761402,-4
CMR_aug_21,2021-10-01,-0.010833832493694523,-3
CMR_aug_21,2021-11-01,0.001817279163036505,-2
CMR_aug_21,2021-12-01,-0.009705003573806721,-1
CMR_aug_21,2022-01-01,0.054783409012796026,0
CMR_aug_21,2022-02-01,0.1738582606522634,1
CMR_aug_21,2022-03-01,0.16889061605904332,2
CMR_aug_21,2022-04-01,0.15938825032457601,3
CMR_aug_21,2022-05-01,0.10056699685669554,4
CMR_aug_21,2022-06-01,0.09415282023804468,5
CMR_aug_21,2022-07-01,0.12670882744533854,6
CMR_aug_22,2021-08-01,0.11762046568390375,-5
CMR_aug_22,2021-09-01,0.018319832391488773,-4
CMR_aug_22,2021-10-01,-0.000991500280056304,-3
CMR_aug_22,2021-11-01,0.010374075467461854,-2
CMR_aug_22,2021-12-01,-0.003565347034327858,-1
CMR_aug_22,2022-01-01,0.06480466673114162,0
CMR_aug_22,2022-02-01,0.1812738890239944,1
CMR_aug_22,2022-03-01,0.18450724599634605,2
CMR_aug_22,2022-04-01,0.16477318850523084,3
CMR_aug_22,2022-05-01,0.10497154760241079,4
CMR_aug_22,2022-06-01,0.09398876045543735,5
CMR_aug_22,2022-07-01,0.1263184790500678,6
CMR_aug_23,2021-08-01,0.1180023262603244,-5
CMR_aug_23,2021-09-01,0.004653708992504207,-4
CMR_aug_23,2021-10-01,-0.01154214476526316,-3
CMR_aug_23,2021-11-01,-0.010654825509863,-2
CMR_aug_23,2021-12-01,-0.009379648209391597,-1
CMR_aug_23,2022-01-01,0.06626796380116244,0
CMR_aug_23,2022-02-01,0.17937778321732992,1
CMR_aug_23,2022-03-01,0.17060901357356112,2
CMR_aug_23,2022-04-01,0.1566279856705801,3
CMR_aug_23,2022-05-01,0.10856319771034395,4
CMR_aug_23,2022-06-01,0.09089604652093963,5
CMR_aug_23,2022-07-01,0.12748077878920336,6
CMR_aug_24,2021-08-01,0.005634017521586535,-5
CMR_aug_24,2021-09-01,0.011259264280897692,-4
CMR_aug_24,2021-10-01,0.0017927127247180479,-3
CMR_aug_24,2021-11-01,0.06784335870230222,-2
CMR_aug_24,2021-12-01,0.16088146323596447,-1
CMR_aug_24,2022-01-01,0.16123443081709415,0
CMR_aug_24,2022-02-01,0.14450428267409132,1
CMR_aug_24,2022-03-01,0.08182903545435362,2
CMR_aug_24,2022-04-01,0.08004319460628956,3
CMR_aug_24,2022-05-01,0.12474471071616369,4
CMR_aug_24,2022-06-01,0.1108553019100598,5
CMR_aug_24,2022-07-01,0.01745104101352135,6
CMR_aug_25,2021-08-01,0.009496700331239099,-5
CMR_aug_25,2021-09-01,0.01896687336321853,-4
CMR_aug_25,2021-10-01,0.016120451340318497,-3
CMR_aug_25,2021-11-01,0.07656056637609744,-2
CMR_aug_25,2021-12-01,0.183987586564164,-1
CMR_aug_25,2022-01-01,0.16400130665101198,0
CMR_aug_25,2022-02-01,0.14896467371793742,1
CMR_aug_25,2022-03-01,0.09101813613936355,2
CMR_aug_25,2022-04-01,0.0967039707769562,3
CMR_aug_25,2022-05-01,0.1273118055775801,4
CMR_aug_25,2022-06-01,0.11427879635848831,5
CMR_aug_25,2022-07-01,0.017475385789356295,6
CMR_aug_26,2021-08-01,-1.4336142289211385e-05,-5
CMR_aug_26,2021-09-01,0.014442927185518819,-4
CMR_aug_26,2021-10-01,-0.0008461116819319047,-3
CMR_aug_26,2021-11-01,0.06105921343116244,-2
CMR_aug_26,2021-12-01,0.16789886185099073,-1
CMR_aug_26,2022-01-01,0.15415934389046937,0
CMR_aug_26,2022-02-01,0.1396810074935202,1
CMR_aug_26,2022-03-01,0.08924076166957018,2
CMR_aug_26,2022-04-01,0.07966230605113675,3
CMR_aug_26,2022-05-01,0.11194439528935211,4
CMR_aug_26,2022-06-01,0.09397162950693624,5
CMR_aug_26,2022-07-01,-0.0009523797310263347,6
CMR_aug_27,2021-08-01,-0.009401970418667372,-5
CMR_aug_27,2021-09-01,0.002033808302633797,-4
CMR_aug_27,2021-10-01,-0.005480609233163202,-3
CMR_aug_27,2021-11-01,0.04771452513454716,-2
CMR_aug_27,2021-12-01,0.1609445247716623,-1
CMR_aug_27,2022-01-01,0.15260928418188988,0
CMR_aug_27,2022-02-01,0.144212495763303,1
CMR_aug_27,2022-03-01,0.10084612943575037,2
CMR_aug_27,2022-04-01,0.07922829565931944,3
CMR_aug_27,2022-05-01,0.11652841500772793,4
CMR_aug_27,2022-06-01,0.10481861341319111,5
CMR_aug_27,2022-07-01,0.011409836723213678,6
CMR_aug_28,2021-08-01,0.012127215853340114,-5
CMR_aug_28,2021-09-01,-0.003909879937627915,-4
CMR_aug_28,2021-10-01,-0.0005657202001776319,-3
CMR_aug_28,2021-11-01,-0.012673247409219351,-2
CMR_aug_28,2021-12-01,0.05791155764380208,-1
CMR_aug_28,2022-01-01,0.17026978919277572,0
CMR_aug_28,2022-02-01,0.17539216072298297,1
CMR_aug_28,2022-03-01,0.1582672092416148,2
CMR_aug_28,2022-04-01,0.09851473531189861,3
CMR_aug_28,2022-05-01,0.07974595296039348,4
CMR_aug_28,2022-06-01,0.10527005502943843,5
CMR_aug_28,2022-07-01,0.08810144310935816,6
CMR_aug_29,2021-08-01,0.012454198911166003,-5
CMR_aug_29,2021-09-01,0.003968602438724477,-4
CMR_aug_29,2021-10-01,-0.002561572540363169,-3
CMR_aug_29,2021-11-01,-0.0038531440385374677,-2
CMR_aug_29,2021-12-01,0.05479144754962239,-1
CMR_aug_29,2022-01-01,0.16879041258055846,0
CMR_aug_29,2022-02-01,0.17257794110136981,1
CMR_aug_29,2022-03-01,0.1620520684532138,2
CMR_aug_29,2022-04-01,0.10389920803475658,3
CMR_aug_29,2022-05-01,0.08738632024387259,4
CMR_aug_29,2022-06-01,0.10864164493469654,5
CMR_aug_29,2022-07-01,0.09576665870807874,6
CMR_aug_30,2021-08-01,0.009554480123324091,-5
CMR_aug_30,2021-09-01,-0.007183160240104862,-4
CMR_aug_30,2021-10-01,-0.0017772445737203194,-3
CMR_aug_30,2021-11-01,-0.008250755959435585,-2
CMR_aug_30,2021-12-01,0.05319956472057705,-1
CMR_aug_30,2022-01-01,0.16281641912607295,0
CMR_aug_30,2022-02-01,0.15953623897859295,1
CMR_aug_30,2022-03-01,0.1499302670423498,2
CMR_aug_30,2022-04-01,0.09021290472763062,3
CMR_aug_30,2022-05-01,0.09151781142471818,4
CMR_aug_30,2022-06-01,0.12405690059688922,5
CMR_aug_30,2022-07-01,0.11130911776043355,6
CMR_aug_31,2021-08-01,0.015128557665718332,-5
CMR_aug_31,2021-09-01,0.004218305931990964,-4
CMR_aug_31,2021-10-01,0.012983587141879917,-3
CMR_aug_31,2021-11-01,0.003622155410469532,-2
CMR_aug_31,2021-12-01,0.05937415568810811,-1
CMR_aug_31,2022-01-01,0.17338252505753793,0
CMR_aug_31,2022-02-01,0.15916541663576542,1
CMR_aug_31,2022-03-01,0.1476427017092907,2
CMR_aug_31,2022-04-01,0.09498019491374216,3
CMR_aug_31,2022-05-01,0.08512418387684258,4
CMR_aug_31,2022-06-01,0.11928480580859614,5
CMR_aug_31,2022-07-01,0.09635871629365977,6
CMR_aug_32,2021-08-01,0.10635965724144138,-5
CMR_aug_32,2021-09-01,0.009008804853089488,-4
CMR_aug_32,2021-10-01,-0.0006203530618034093,-3
CMR_aug_32,2021-11-01,-0.002500339899895324,-2
CMR_aug_32,2021-12-01,-0.0015617741389476053,-1
CMR_aug_32,2022-01-01,0.054113752813178734,0
CMR_aug_32,2022-02-01,0.17329173431459396,1
CMR_aug_32,2022-03-01,0.16862487718779062,2
CMR_aug_32,2022-04-01,0.14985807473450508,3
CMR_aug_32,2022-05-01,0.10753615471681024,4
CMR_aug_32,2022-06-01,0.08816383053114117,5
CMR_aug_32,2022-07-01,0.12781947526230292,6
CMR_aug_33,2021-08-01,0.11575326006492735,-5
CMR_aug_33,2021-09-01,0.011124277077216475,-4
CMR_aug_33,2021-10-01,0.008371947292786617,-3
CMR_aug_33,2021-11-01,0.008670808048685329,-2
CMR_aug_33,2021-12-01,0.0005351739742496184,-1
CMR_aug_33,2022-01-01,0.06244938430855257,0
CMR_aug_33,2022-02-01,0.17258432471893093,1
CMR_aug_33,2022-03-01,0.17044285897021014,2
CMR_aug_33,2022-04-01,0.15989249329221958,3
CMR_aug_33,2022-05-01,0.0933752778955737,4
CMR_aug_33,2022-06-01,0.09314205940490197,5
CMR_aug_33,2022-07-01,0.11574097758578623,6
CMR_aug_34,2021-08-01,0.11594706026645481,-5
CMR_aug_34,2021-09-01,0.022160783307422875,-4
CMR_aug_34,2021-10-01,0.0012386668008278773,-3
CMR_aug_34,2021-11-01,0.002574490994776816,-2
CMR_aug_34,2021-12-01,-0.012296245903990047,-1
CMR_aug_34,2022-01-01,0.050355212827556534,0
CMR_aug_34,2022-02-01,0.16284761357775426,1
CMR_aug_34,2022-03-01,0.1632632249446929,2
CMR_aug_34,2022-04-01,0.15787117702994263,3
CMR_aug_34,2022-05-01,0.11098770047283325,4
CMR_aug_34,2022-06-01,0.09447063562253244,5
CMR_aug_34,2022-07-01,0.1255061915649669,6
CMR_aug_35,2021-08-01,0.09947977845720293,-5
CMR_aug_35,2021-09-01,-0.0013798211338070625,-4
CMR_aug_35,2021-10-01,-0.003198432602059895,-3
CMR_aug_35,2021-11-01,0.011674979962777656,-2
CMR_aug_35,2021-12-01,-0.0065422422220147,-1
CMR_aug_35,2022-01-01,0.05219740131479904,0
CMR_aug_35,2022-02-01,0.16587781312880842,1
CMR_aug_35,2022-03-01,0.16241033925732765,2
CMR_aug_35,2022-04-01,0.14440558298477815,3
CMR_aug_35,2022-05-01,0.09542860305673685,4
CMR_aug_35,2022-06-01,0.08383503108323334,5
CMR_aug_35,2022-07-01,0.11905092754727671,6
CMR_aug_36,2021-08-01,0.0028713729150566083,-5
CMR_aug_36,2021-09-01,0.006051258495341648,-4
CMR_aug_36,2021-10-01,-0.005202847371913654,-3
CMR_aug_36,2021-11-01,0.052889924308451644,-2
CMR_aug_36,2021-12-01,0.15915805929205734,-1
CMR_aug_36,2022-01-01,0.15153974178533686,0
CMR_aug_36,2022-02-01,0.1382763894101496,1
CMR_aug_36,2022-03-01,0.09820998804272033,2
CMR_aug_36,2022-04-01,0.0909519970859908,3
CMR_aug_36,2022-05-01,0.11940267533781776,4
CMR_aug_36,2022-06-01,0.11067081776618018,5
CMR_aug_36,2022-07-01,0.013254759711160653,6
CMR_aug_37,2021-08-01,0.006468874896851817,-5
CMR_aug_37,2021-09-01,0.010718756530859526,-4
CMR_aug_37,2021-10-01,3.697739223312499e-05,-3
CMR_aug_37,2021-11-01,0.05985057943774674,-2
CMR_aug_37,2021-12-01,0.15564738665566835,-1
CMR_aug_37,2022-01-01,0.14467603877885596,0
CMR_aug_37,2022-02-01,0.1279815730497704,1
CMR_aug_37,2022-03-01,0.08246405980570806,2
CMR_aug_37,2022-04-01,0.0863706142213687,3
CMR_aug_37,2022-05-01,0.13061478048562386,4
CMR_aug_37,2022-06-01,0.1183828539637506,5
CMR_aug_37,2022-07-01,0.023582085002948172,6
CMR_aug_38,2021-08-01,-0.010600266074858098,-5
CMR_aug_38,2021-09-01,-0.0067724534958263066,-4
CMR_aug_38,2021-10-01,-0.016426749004339946,-3
CMR_aug_38,2021-11-01,0.041897319582862386,-2
CMR_aug_38,2021-12-01,0.1508076976348322,-1
CMR_aug_38,2022-01-01,0.14495848829560462,0
CMR_aug_38,2022-02-01,0.12367701926388279,1
CMR_aug_38,2022-03-01,0.08284543743264229,2
CMR_aug_38,2022-04-01,0.07054476981359933,3
CMR_aug_38,2022-05-01,0.10781951061938597,4
CMR_aug_38,2022-06-01,0.11025779724087163,5
CMR_aug_38,2022-07-01,0.009597599630618965,6
CMR_aug_39,2021-08-01,-0.014785391432518898,-5
CMR_aug_39,2021-09-01,-0.008304244361686895,-4
CMR_aug_39,2021-10-01,-0.006686852985958036,-3
CMR_aug_39,2021-11-01,0.0636926562584437,-2
CMR_aug_39,2021-12-01,0.16036483670427046,-1
CMR_aug_39,2022-01-01,0.15738032609997063,0
CMR_aug_39,2022-02-01,0.14128461561348987,1
CMR_aug_39,2022-03-01,0.09058698951890543,2
CMR_aug_39,2022-04-01,0.09743580800588095,3
CMR_aug_39,2022-05-01,0.11712802375494731,4
CMR_aug_39,2022-06-01,0.10649400378147898,5
CMR_aug_39,2022-07-01,0.014855847202801736,6
CMR_aug_40,2021-08-01,0.016487053866708547,-5
CMR_aug_40,2021-09-01,0.0047725876833298216,-4
CMR_aug_40,2021-10-01,0.009147372163918246,-3
CMR_aug_40,2021-11-01,-0.0027231417164734267,-2
CMR_aug_40,2021-12-01,0.05684391748797022,-1
CMR_aug_40,2022-01-01,0.16053446289344234,0
CMR_aug_40,2022-02-01,0.15821877181015412,1
CMR_aug_40,2022-03-01,0.14243583735719748,2
CMR_aug_40,2022-04-01,0.09418581271832478,3
CMR_aug_40,2022-05-01,0.0846755949261524,4
CMR_aug_40,2022-06-01,0.1230546436076072,5
CMR_aug_40,2022-07-01,0.10899801732913689,6
CMR_aug_41,2021-08-01,7.99964325511153e-05,-5
CMR_aug_41,2021-09-01,-0.00032741945613969423,-4
CMR_aug_41,2021-10-01,-0.0014803661192253031,-3
CMR_aug_41,2021-11-01,-0.011857986318877876,-2
CMR_aug_41,2021-12-01,0.04532215522732132,-1
CMR_aug_41,2022-01-01,0.16211970509257315,0
CMR_aug_41,2022-02-01,0.14353282574853934,1
CMR_aug_41,2022-03-01,0.15202069032710844,2
CMR_aug_41,2022-04-01,0.10496416475249928,3
CMR_aug_41,2022-05-01,0.09386339000298485,4
CMR_aug_41,2022-06-01,0.12287375252275247,5
CMR_aug_41,2022-07-01,0.11080191915494225,6
CMR_aug_42,2021-08-01,0.013246389224351373,-5
CMR_aug_42,2021-09-01,0.005586472845777471,-4
CMR_aug_42,2021-10-01,0.0111524646136331,-3
CMR_aug_42,2021-11-01,0.0014783028834050296,-2
CMR_aug_42,2021-12-01,0.057183385521423644,-1
CMR_aug_42,2022-01-01,0.16187963778201483,0
CMR_aug_42,2022-02-01,0.15449871866571252,1
CMR_aug_42,2022-03-01,0.14839296276101113,2
CMR_aug_42,2022-04-01,0.09970518613898298,3
CMR_aug_42,2022-05-01,0.0719311521551182,4
CMR_aug_42,2022-06-01,0.11120612802161545,5
CMR_aug_42,2022-07-01,0.10190356292218992,6
CMR_aug_43,2021-08-01,0.010148242089104155,-5
CMR_aug_43,2021-09-01,-0.002570647486191483,-4
CMR_aug_43,2021-10-01,0.008558527810269584,-3
CMR_aug_43,2021-11-01,0.004539743035908018,-2
CMR_aug_43,2021-12-01,0.056078364676234484,-1
CMR_aug_43,2022-01-01,0.16429054116899758,0
CMR_aug_43,2022-02-01,0.15177186371208426,1
CMR_aug_43,2022-03-01,0.13201053450580813,2
CMR_aug_43,2022-04-01,0.08093962077111459,3
CMR_aug_43,2022-05-01,0.08028237696206127,4
CMR_aug_43,2022-06-01,0.11890795702230596,5
CMR_aug_43,2022-07-01,0.10926037581504672,6
CMR_aug_44,2021-08-01,0.10798668170806695,-5
CMR_aug_44,2021-09-01,0.0162058240140161,-4
CMR_aug_44,2021-10-01,0.00032680488952760667,-3
CMR_aug_44,2021-11-01,0.00666629494431337,-2
CMR_aug_44,2021-12-01,0.00233683476793656,-1
CMR_aug_44,2022-01-01,0.06326129765362375,0
CMR_aug_44,2022-02-01,0.1739349387302096,1
CMR_aug_44,2022-03-01,0.16833783437240057,2
CMR_aug_44,2022-04-01,0.15383937067994743,3
CMR_aug_44,2022-05-01,0.1063508279474169,4
CMR_aug_44,2022-06-01,0.09342558952580383,5
CMR_aug_44,2022-07-01,0.11781329202316068,6
CMR_aug_45,2021-08-01,0.1028894236034067,-5
CMR_aug_45,2021-09-01,0.005308610837126076,-4
CMR_aug_45,2021-10-01,-0.007690585479452563,-3
CMR_aug_45,2021-11-01,-0.0023983019814448644,-2
CMR_aug_45,2021-12-01,-0.013312794920873193,-1
CMR_aug_45,2022-01-01,0.04592876778303049,0
CMR_aug_45,2022-02-01,0.14379954832038533,1
CMR_aug_45,2022-03-01,0.14386025552552778,2
CMR_aug_45,2022-04-01,0.13425483319059625,3
CMR_aug_45,2022-05-01,0.08145842532763668,4
CMR_aug_45,2022-06-01,0.07948898292652046,5
CMR_aug_45,2022-07-01,0.11824904325093648,6
CMR_aug_46,2021-08-01,0.0945993290939794,-5
CMR_aug_46,2021-09-01,-0.0007458098979568097,-4
CMR_aug_46,2021-10-01,-0.012576819442945131,-3
CMR_aug_46,2021-11-01,-0.010471323146119302,-2
CMR_aug_46,2021-12-01,-0.009800855663937142,-1
CMR_aug_46,2022-01-01,0.049105311382721936,0
CMR_aug_46,2022-02-01,0.15542982186573154,1
CMR_aug_46,2022-03-01,0.13948609266572343,2
CMR_aug_46,2022-04-01,0.13475407510879664,3
CMR_aug_46,2022-05-01,0.07939399593820669,4
CMR_aug_46,2022-06-01,0.07456724036907056,5
CMR_aug_46,2022-07-01,0.11092640404784367,6
CMR_aug_47,2021-08-01,0.11163424255911622,-5
CMR_aug_47,2021-09-01,0.008350849958203989,-4
CMR_aug_47,2021-10-01,-0.01896068809300188,-3
CMR_aug_47,2021-11-01,-0.0086054922403446,-2
CMR_aug_47,2021-12-01,-0.0028883446554234414,-1
CMR_aug_47,2022-01-01,0.06229119891798563,0
CMR_aug_47,2022-02-01,0.16761838543767743,1
CMR_aug_47,2022-03-01,0.15691608329971432,2
CMR_aug_47,2022-04-01,0.14825392290344727,3
CMR_aug_47,2022-05-01,0.09061159190588768,4
CMR_aug_47,2022-06-01,0.08501117808377472,5
CMR_aug_47,2022-07-01,0.1197340127521603,6
CMR_aug_48,2021-08-01,0.005903807442032129,-5
CMR_aug_48,2021-09-01,0.024311677626248588,-4
CMR_aug_48,2021-10-01,0.012596099100697459,-3
CMR_aug_48,2021-11-01,0.0641517038873888,-2
CMR_aug_48,2021-12-01,0.16933648111663122,-1
CMR_aug_48,2022-01-01,0.15123499850240046,0
CMR_aug_48,2022-02-01,0.13594023329682195,1
CMR_aug_48,2022-03-01,0.08482946218033302,2
CMR_aug_48,2022-04-01,0.07532060711733113,3
CMR_aug_48,2022-05-01,0.11155749879448937,4
CMR_aug_48,2022-06-01,0.09654948134871005,5
CMR_aug_48,2022-07-01,0.010640845717659476,6
CMR_aug_49,2021-08-01,-0.00026636366548634554,-5
CMR_aug_49,2021-09-01,0.003763763733643928,-4
CMR_aug_49,2021-10-01,-0.006349787636865289,-3
CMR_aug_49,2021-11-01,0.05441487663453875,-2
CMR_aug_49,2021-12-01,0.16729729600926443,-1
CMR_aug_49,2022-01-01,0.15502103667990463,0
CMR_aug_49,2022-02-01,0.1388715655275001,1
CMR_aug_49,2022-03-01,0.08754853897246048,2
CMR_aug_49,2022-04-01,0.07248934065319676,3
CMR_aug_49,2022-05-01,0.10386903970415896,4
CMR_aug_49,2022-06-01,0.09304449730255977,5
CMR_aug_49,2022-07-01,0.00668865511417519,6
CMR_aug_50,2021-08-01,0.0012607744092028041,-5
CMR_aug_50,2021-09-01,0.006041225065108892,-4
CMR_aug_50,2021-10-01,0.0021470232645226395,-3
CMR_aug_50,2021-11-01,0.05881245587090679,-2
CMR_aug_50,2021-12-01,0.16792472035378742,-1
CMR_aug_50,2022-01-01,0.15991815116727787,0
CMR_aug_50,2022-02-01,0.14776308346558634,1
CMR_aug_50,2022-03-01,0.09230826658280929,2
CMR_aug_50,2022-04-01,0.0695448075261971,3
CMR_aug_50,2022-05-01,0.10574211112972001,4
CMR_aug_50,2022-06-01,0.10544303836420399,5
CMR_aug_50,2022-07-01,0.015892258245890915,6
CMR_aug_51,2021-08-01,0.005351913759337178,-5
CMR_aug_51,2021-09-01,0.015047115352564939,-4
CMR_aug_51,2021-10-01,0.004176163946205309,-3
CMR_aug_51,2021-11-01,0.06221752473885486,-2
CMR_aug_51,2021-12-01,0.16450135081279557,-1
CMR_aug_51,2022-01-01,0.15622124876114754,0
CMR_aug_51,2022-02-01,0.1471484692882873,1
CMR_aug_51,2022-03-01,0.10226685647501037,2
CMR_aug_51,2022-04-01,0.09007930383152865,3
CMR_aug_51,2022-05-01,0.11864662615885896,4
CMR_aug_51,2022-06-01,0.10642964417464627,5
CMR_aug_51,2022-07-01,0.014708780300814489,6
CMR_aug_52,2021-08-01,0.001997246954849371,-5
CMR_aug_52,2021-09-01,-0.01966771394530771,-4
CMR_aug_52,2021-10-01,-0.013316538257226566,-3
CMR_aug_52,2021-11-01,-0.02381013809080218,-2
CMR_aug_52,2021-12-01,0.03801747826763637,-1
CMR_aug_52,2022-01-01,0.14986123160047604,0
CMR_aug_52,2022-02-01,0.1449114231603764,1
CMR_aug_52,2022-03-01,0.1438985458416071,2
CMR_aug_52,2022-04-01,0.09482772753648389,3
CMR_aug_52,2022-05-01,0.08729887829112508,4
CMR_aug_52,2022-06-01,0.12289264381951573,5
CMR_aug_52,2022-07-01,0.10284610043351726,6
CMR_aug_53,2021-08-01,0.016450348571899878,-5
CMR_aug_53,2021-09-01,0.003634175711363187,-4
CMR_aug_53,2021-10-01,0.010521217562177356,-3
CMR_aug_53,2021-11-01,-0.005828590022606693,-2
CMR_aug_53,2021-12-01,0.04484146232131031,-1
CMR_aug_53,2022-01-01,0.16038179739671765,0
CMR_aug_53,2022-02-01,0.15729435510920844,1
CMR_aug_53,2022-03-01,0.1390838452222018,2
CMR_aug_53,2022-04-01,0.08440668865879407,3
CMR_aug_53,2022-05-01,0.0846187737538322,4
CMR_aug_53,2022-06-01,0.11042312310761825,5
CMR_aug_53,2022-07-01,0.11008408064058986,6
CMR_aug_54,2021-08-01,0.005159358507344674,-5
CMR_aug_54,2021-09-01,-0.000315518316866961,-4
CMR_aug_54,2021-10-01,0.001869752369302246,-3
CMR_aug_54,2021-11-01,-0.0022899169158341033,-2
CMR_aug_54,2021-12-01,0.05325920724065312,-1
CMR_aug_54,2022-01-01,0.16071713008359728,0
CMR_aug_54,2022-02-01,0.15558226194298888,1
CMR_aug_54,2022-03-01,0.13727171222613857,2
CMR_aug_54,2022-04-01,0.09248009711358761,3
CMR_aug_54,2022-05-01,0.08087692570105807,4
CMR_aug_54,2022-06-01,0.11332933494737209,5
CMR_aug_54,2022-07-01,0.0968208434239235,6
CMR_aug_55,2021-08-01,-0.004513307132496916,-5
CMR_aug_55,2021-09-01,-0.012088286503680013,-4
CMR_aug_55,2021-10-01,0.009373567948891194,-3
CMR_aug_55,2021-11-01,0.004153696197620538,-2
CMR_aug_55,2021-12-01,0.06094072544214754,-1
CMR_aug_55,2022-01-01,0.16564966092840047,0
CMR_aug_55,2022-02-01,0.15901631500194657,1
CMR_aug_55,2022-03-01,0.14875565954497624,2
CMR_aug_55,2022-04-01,0.08953970446165349,3
CMR_aug_55,2022-05-01,0.08823949791275817,4
CMR_aug_55,2022-06-01,0.12411034924976269,5
CMR_aug_55,2022-07-01,0.1145299128397515,6
CMR_aug_56,2021-08-01,0.10785738040579801,-5
CMR_aug_56,2021-09-01,0.012348490977783901,-4
CMR_aug_56,2021-10-01,0.005046790974533735,-3
CMR_aug_56,2021-11-01,0.011077539952593075,-2
CMR_aug_56,2021-12-01,-0.0012508220519910056,-1
CMR_aug_56,2022-01-01,0.05383361314650608,0
CMR_aug_56,2022-02-01,0.16267003979333214,1
CMR_aug_56,2022-03-01,0.16576292150281857,2
CMR_aug_56,2022-04-01,0.14320215580100698,3
CMR_aug_56,2022-05-01,0.0838834647346606,4
CMR_aug_56,2022-06-01,0.07865112099142241,5
CMR_aug_56,2022-07-01,0.11335811711081677,6
CMR_aug_57,2021-08-01,0.10631406133153844,-5
CMR_aug_57,2021-09-01,0.012546256529280583,-4
CMR_aug_57,2021-10-01,-2.711338931191289e-05,-3
CMR_aug_57,2021-11-01,0.012662024220010969,-2
CMR_aug_57,2021-12-01,-0.00737105810897574,-1
CMR_aug_57,2022-01-01,0.047955674634497555,0
CMR_aug_57,2022-02-01,0.15725585538438497,1
CMR_aug_57,2022-03-01,0.14329410434824993,2
CMR_aug_57,2022-04-01,0.13325904020015958,3
CMR_aug_57,2022-05-01,0.09495805904141895,4
CMR_aug_57,2022-06-01,0.0857650007622402,5
CMR_aug_57,2022-07-01,0.11951242867392234,6
CMR_aug_58,2021-08-01,0.09796976299694705,-5
CMR_aug_58,2021-09-01,0.0015473957578848434,-4
CMR_aug_58,2021-10-01,-0.008808838837724925,-3
CMR_aug_58,2021-11-01,-0.004164830402175918,-2
CMR_aug_58,2021-12-01,-0.002673411006142063,-1
CMR_aug_58,2022-01-01,0.059397363105326846,0
CMR_aug_58,2022-02-01,0.1596021298894611,1
CMR_aug_58,2022-03-01,0.1559784053501891,2
CMR_aug_58,2022-04-01,0.1462898687468349,3
CMR_aug_58,2022-05-01,0.10127939942623679,4
CMR_aug_58,2022-06-01,0.09938220057986502,5
CMR_aug_58,2022-07-01,0.12203768209021533,6
CMR_aug_59,2021-08-01,0.10058513582938856,-5
CMR_aug_59,2021-09-01,-0.00030727111084886266,-4
CMR_aug_59,2021-10-01,-0.009318681560415038,-3
CMR_aug_59,2021-11-01,3.3125443613949996e-05,-2
CMR_aug_59,2021-12-01,-0.0013724997999593129,-1
CMR_aug_59,2022-01-01,0.05664302623774389,0
CMR_aug_59,2022-02-01,0.16223245151278423,1
CMR_aug_59,2022-03-01,0.15731541700296642,2
CMR_aug_59,2022-04-01,0.13948843589241192,3
CMR_aug_59,2022-05-01,0.10192239677126018,4
CMR_aug_59,2022-06-01,0.08128565598111497,5
CMR_aug_59,2022-07-01,0.11602880978498144,6
CMR_aug_60,2021-08-01,0.011235971408695188,-5
CMR_aug_60,2021-09-01,0.012018994256518678,-4
CMR_aug_60,2021-10-01,0.0005773176863947708,-3
CMR_aug_60,2021-11-01,0.05506361455207335,-2
CMR_aug_60,2021-12-01,0.15897968489789793,-1
CMR_aug_60,2022-01-01,0.16093973392309865,0
CMR_aug_60,2022-02-01,0.13363326408545537,1
CMR_aug_60,2022-03-01,0.09451653528202078,2
CMR_aug_60,2022-04-01,0.07681795221696926,3
CMR_aug_60,2022-05-01,0.10887552718776151,4
CMR_aug_60,2022-06-01,0.09646369730589172,5
CMR_aug_60,2022-07-01,0.008959192973377031,6
CMR_aug_61,2021-08-01,-0.00934091615581938,-5
CMR_aug_61,2021-09-01,-0.00016763434288361067,-4
CMR_aug_61,2021-10-01,0.004408376529337838,-3
CMR_aug_61,2021-11-01,0.05210019142210866,-2
CMR_aug_61,2021-12-01,0.15895471429957456,-1
CMR_aug_61,2022-01-01,0.14936090090545043,0
CMR_aug_61,2022-02-01,0.1403062618140876,1
CMR_aug_61,2022-03-01,0.09070420068789448,2
CMR_aug_61,2022-04-01,0.07852637520774046,3
CMR_aug_61,2022-05-01,0.11438898081374742,4
CMR_aug_61,2022-06-01,0.11311242869715771,5
CMR_aug_61,2022-07-01,0.016484189733290876,6
CMR_aug_62,2021-08-01,0.0038281483053759892,-5
CMR_aug_62,2021-09-01,-0.0006860612379379219,-4
CMR_aug_62,2021-10-01,-0.01289897383098237,-3
CMR_aug_62,2021-11-01,0.05010268963980825,-2
CMR_aug_62,2021-12-01,0.16487474288560333,-1
CMR_aug_62,2022-01-01,0.15939285027370598,0
CMR_aug_62,2022-02-01,0.1433106971769682,1
CMR_aug_62,2022-03-01,0.09274851672919063,2
CMR_aug_62,2022-04-01,0.07653456916278802,3
CMR_aug_62,2022-05-01,0.1136216084158799,4
CMR_aug_62,2022-06-01,0.10732303427907956,5
CMR_aug_62,2022-07-01,0.010843576270985207,6
CMR_aug_63,2021-08-01,-0.0029317092250403017,-5
CMR_aug_63,2021-09-01,0.003318811901295379,-4
CMR_aug_63,2021-10-01,-0.007070773746737803,-3
CMR_aug_63,2021-11-01,0.051227519224260165,-2
CMR_aug_63,2021-12-01,0.16917991858172052,-1
CMR_aug_63,2022-01-01,0.15905999045055824,0
CMR_aug_63,2022-02-01,0.1428144391646205,1
CMR_aug_63,2022-03-01,0.08871722505572055,2
CMR_aug_63,2022-04-01,0.0849725069520089,3
CMR_aug_63,2022-05-01,0.11521571041292855,4
CMR_aug_63,2022-06-01,0.099765171710601,5
CMR_aug_63,2022-07-01,0.01549272036228574,6
CMR_aug_64,2021-08-01,0.018218174364373247,-5
CMR_aug_64,2021-09-01,0.0021183995071939058,-4
CMR_aug_64,2021-10-01,-0.0051706503306614485,-3
CMR_aug_64,2021-11-01,-0.00496063151339974,-2
CMR_aug_64,2021-12-01,0.049228566887378686,-1
CMR_aug_64,2022-01-01,0.16030706786262566,0
CMR_aug_64,2022-02-01,0.14289976401828114,1
CMR_aug_64,2022-03-01,0.1383188994679136,2
CMR_aug_64,2022-04-01,0.08228724051289543,3
CMR_aug_64,2022-05-01,0.08027960410817236,4
CMR_aug_64,2022-06-01,0.11295701013689265,5
CMR_aug_64,2022-07-01,0.09641306981072495,6
CMR_aug_65,2021-08-01,0.007840110309669612,-5
CMR_aug_65,2021-09-01,0.0019777713401621586,-4
CMR_aug_65,2021-10-01,0.0059347810544029414,-3
CMR_aug_65,2021-11-01,0.0006090173793852245,-2
CMR_aug_65,2021-12-01,0.06834636402750066,-1
CMR_aug_65,2022-01-01,0.16065410531721802,0
CMR_aug_65,2022-02-01,0.1635302937923275,1
CMR_aug_65,2022-03-01,0.1486528470412996,2
CMR_aug_65,2022-04-01,0.09148166157504739,3
CMR_aug_65,2022-05-01,0.07517100423156883,4
CMR_aug_65,2022-06-01,0.10813354662334837,5
CMR_aug_65,2022-07-01,0.1036060854343692,6
CMR_aug_66,2021-08-01,0.00942801874843559,-5
CMR_aug_66,2021-09-01,0.007804175020845669,-4
CMR_aug_66,2021-10-01,0.0012715284309975459,-3
CMR_aug_66,2021-11-01,-0.00612814339436956,-2
CMR_aug_66,2021-12-01,0.045164561539837327,-1
CMR_aug_66,2022-01-01,0.15496321786657202,0
CMR_aug_66,2022-02-01,0.1552949920629579,1
CMR_aug_66,2022-03-01,0.139756589541206,2
CMR_aug_66,2022-04-01,0.07540489848715305,3
CMR_aug_66,2022-05-01,0.07231669105954965,4
CMR_aug_66,2022-06-01,0.10964002343708365,5
CMR_aug_66,2022-07-01,0.10174835041483953,6
CMR_aug_67,2021-08-01,0.017173795131710575,-5
CMR_aug_67,2021-09-01,-0.0013053341433254945,-4
CMR_aug_67,2021-10-01,0.006840583282656759,-3
CMR_aug_67,2021-11-01,0.004714260304030689,-2
CMR_aug_67,2021-12-01,0.049959635274287664,-1
CMR_aug_67,2022-01-01,0.15815612093333606,0
CMR_aug_67,2022-02-01,0.14968408047373127,1
CMR_aug_67,2022-03-01,0.13765544611165345,2
CMR_aug_67,2022-04-01,0.09066750118081929,3
CMR_aug_67,2022-05-01,0.07937644549193103,4
CMR_aug_67,2022-06-01,0.10838842590210898,5
CMR_aug_67,2022-07-01,0.09874675978202259,6
CMR_aug_68,2021-08-01,0.09660611333308755,-5
CMR_aug_68,2021-09-01,-0.000451547479276386,-4
CMR_aug_68,2021-10-01,-0.004014947782629532,-3
CMR_aug_68,2021-11-01,-0.005496404121985035,-2
CMR_aug_68,2021-12-01,-0.007133053774439254,-1
CMR_aug_68,2022-01-01,0.054186751870147036,0
CMR_aug_68,2022-02-01,0.1495698269829437,1
CMR_aug_68,2022-03-01,0.14253418990498706,2
CMR_aug_68,2022-04-01,0.13976946678203775,3
CMR_aug_68,2022-05-01,0.08463550452309157,4
CMR_aug_68,2022-06-01,0.07517525760683076,5
CMR_aug_68,2022-07-01,0.11183629148828225,6
CMR_aug_69,2021-08-01,0.10723414739353883,-5
CMR_aug_69,2021-09-01,0.011919191544850638,-4
CMR_aug_69,2021-10-01,-0.002387603697269089,-3
CMR_aug_69,2021-11-01,0.010280085106559953,-2
CMR_aug_69,2021-12-01,0.01028809112666955,-1
CMR_aug_69,2022-01-01,0.0696279914762461,0
CMR_aug_69,2022-02-01,0.1709462758838671,1
CMR_aug_69,2022-03-01,0.15713951388832517,2
CMR_aug_69,2022-04-01,0.13875330816391607,3
CMR_aug_69,2022-05-01,0.09244908741418659,4
CMR_aug_69,2022-06-01,0.0858009170410868,5
CMR_aug_69,2022-07-01,0.12480331246190304,6
CMR_aug_70,2021-08-01,0.10647884548621595,-5
CMR_aug_70,2021-09-01,0.004266257154879093,-4
CMR_aug_70,2021-10-01,0.0014891341579297316,-3
CMR_aug_70,2021-11-01,-0.000688180098344318,-2
CMR_aug_70,2021-12-01,-0.009648030638143505,-1
CMR_aug_70,2022-01-01,0.051174342603500955,0
CMR_aug_70,2022-02-01,0.16855055350190873,1
CMR_aug_70,2022-03-01,0.17768061999375523,2
CMR_aug_70,2022-04-01,0.16166672719925193,3
CMR_aug_70,2022-05-01,0.10489100673414807,4
CMR_aug_70,2022-06-01,0.09539365485777211,5
CMR_aug_70,2022-07-01,0.12877075272017607,6
CMR_aug_71,2021-08-01,0.10096143338038627,-5
CMR_aug_71,2021-09-01,0.019044122340916122,-4
CMR_aug_71,2021-10-01,0.007429874504490742,-3
CMR_aug_71,2021-11-01,0.01207558311305207,-2
CMR_aug_71,2021-12-01,0.005481108860816099,-1
CMR_aug_71,2022-01-01,0.06301052371598687,0
CMR_aug_71,2022-02-01,0.1704767646202327,1
CMR_aug_71,2022-03-01,0.157887652361198,2
CMR_aug_71,2022-04-01,0.1408366384167692,3
CMR_aug_71,2022-05-01,0.08472567928084003,4
CMR_aug_71,2022-06-01,0.08037554682773529,5
CMR_aug_71,2022-07-01,0.11737033592794881,6
CMR_aug_72,2021-08-01,0.0021920787246813627,-5
CMR_aug_72,2021-09-01,0.01415361663822164,-4
CMR_aug_72,2021-10-01,0.003599714180560533,-3
CMR_aug_72,2021-11-01,0.059248562390132875,-2
CMR_aug_72,2021-12-01,0.14959818755680862,-1
CMR_aug_72,2022-01-01,0.1418835378550912,0
CMR_aug_72,2022-02-01,0.13428692593716893,1
CMR_aug_72,2022-03-01,0.09143329107206655,2
CMR_aug_72,2022-04-01,0.08005423190950772,3
CMR_aug_72,2022-05-01,0.1088483513674424,4
CMR_aug_72,2022-06-01,0.08949529327422895,5
CMR_aug_72,2022-07-01,0.002726636764565856,6
CMR_aug_73,2021-08-01,0.00449490090994619,-5
CMR_aug_73,2021-09-01,0.009955398850282427,-4
CMR_aug_73,2021-10-01,0.00328034508230759,-3
CMR_aug_73,2021-11-01,0.05572444091029724,-2
CMR_aug_73,2021-12-01,0.15291674856780418,-1
CMR_aug_73,2022-01-01,0.14281182309833806,0
CMR_aug_73,2022-02-01,0.13497093440659988,1
CMR_aug_73,2022-03-01,0.0896454280248889,2
CMR_aug_73,2022-04-01,0.08295444928674708,3
CMR_aug_73,2022-05-01,0.1085116547817495,4
CMR_aug_73,2022-06-01,0.08587089362616844,5
CMR_aug_73,2022-07-01,0.007865120099242662,6
CMR_aug_74,2021-08-01,-0.0027935793651549202,-5
CMR_aug_74,2021-09-01,-0.0029320945199529896,-4
CMR_aug_74,2021-10-01,-0.004946280308930084,-3
CMR_aug_74,2021-11-01,0.04746620593700879,-2
CMR_aug_74,2021-12-01,0.15259202109712036,-1
CMR_aug_74,2022-01-01,0.14937799768902213,0
CMR_aug_74,2022-02-01,0.1396041033012781,1
CMR_aug_74,2022-03-01,0.08345998292054861,2
CMR_aug_74,2022-04-01,0.08234563579891631,3
CMR_aug_74,2022-05-01,0.11226532614900417,4
CMR_aug_74,2022-06-01,0.09806269875770844,5
CMR_aug_74,2022-07-01,0.01154164539054987,6
CMR_aug_75,2021-08-01,-0.009699740411050196,-5
CMR_aug_75,2021-09-01,-0.0011226682967723392,-4
CMR_aug_75,2021-10-01,-0.012818027479423236,-3
CMR_aug_75,2021-11-01,0.03670077000241869,-2
CMR_aug_75,2021-12-01,0.13111684954522945,-1
CMR_aug_75,2022-01-01,0.13659777419241156,0
CMR_aug_75,2022-02-01,0.12343981180466679,1
CMR_aug_75,2022-03-01,0.08728958117219555,2
CMR_aug_75,2022-04-01,0.0757918171463338,3
CMR_aug_75,2022-05-01,0.09708072913497205,4
CMR_aug_75,2022-06-01,0.08318277092858666,5
CMR_aug_75,2022-07-01,0.006673190115722203,6
CMR_aug_76,2021-08-01,0.008682343917602359,-5
CMR_aug_76,2021-09-01,-0.0037590910132070682,-4
CMR_aug_76,2021-10-01,0.0018191068477056223,-3
CMR_aug_76,2021-11-01,-0.002555419199347866,-2
CMR_aug_76,2021-12-01,0.05721752916952334,-1
CMR_aug_76,2022-01-01,0.16166164828350005,0
CMR_aug_76,2022-02-01,0.1506903696852532,1
CMR_aug_76,2022-03-01,0.12984899674119635,2
CMR_aug_76,2022-04-01,0.08152618307103937,3
CMR_aug_76,2022-05-01,0.07589141519261504,4
CMR_aug_76,2022-06-01,0.10111048095365015,5
CMR_aug_76,2022-07-01,0.08692441884078228,6
CMR_aug_77,2021-08-01,0.011342216210181253,-5
CMR_aug_77,2021-09-01,0.0008102493078644025,-4
CMR_aug_77,2021-10-01,0.004422600754244675,-3
CMR_aug_77,2021-11-01,-0.007394727370196202,-2
CMR_aug_77,2021-12-01,0.0465685396234525,-1
CMR_aug_77,2022-01-01,0.14138560622234989,0
CMR_aug_77,2022-02-01,0.14278622204113256,1
CMR_aug_77,2022-03-01,0.1367433510576401,2
CMR_aug_77,2022-04-01,0.0788496971910416,3
CMR_aug_77,2022-05-01,0.06763638404288064,4
CMR_aug_77,2022-06-01,0.0923475354169349,5
CMR_aug_77,2022-07-01,0.08226764629954383,6
CMR_aug_78,2021-08-01,0.009068055898762896,-5
CMR_aug_78,2021-09-01,-0.008280163307408337,-4
CMR_aug_78,2021-10-01,-0.007185871911906698,-3
CMR_aug_78,2021-11-01,-0.017036016171155438,-2
CMR_aug_78,2021-12-01,0.04197601394840539,-1
CMR_aug_78,2022-01-01,0.14337715521844635,0
CMR_aug_78,2022-02-01,0.13563564300228334,1
CMR_aug_78,2022-03-01,0.1270398755973528,2
CMR_aug_78,2022-04-01,0.07880017037671466,3
CMR_aug_78,2022-05-01,0.07110264797906798,4
CMR_aug_78,2022-06-01,0.11171033613863154,5
CMR_aug_78,2022-07-01,0.10676531086763222,6
CMR_aug_79,2021-08-01,0.002594419665267453,-5
CMR_aug_79,2021-09-01,-0.0007947917071158886,-4
CMR_aug_79,2021-10-01,0.007414763459522196,-3
CMR_aug_79,2021-11-01,-0.007321177429312334,-2
CMR_aug_79,2021-12-01,0.052206214669444154,-1
CMR_aug_79,2022-01-01,0.15853967323331333,0
CMR_aug_79,2022-02-01,0.14438852441216515,1
CMR_aug_79,2022-03-01,0.1274991058079974,2
CMR_aug_79,2022-04-01,0.08745701528979134,3
CMR_aug_79,2022-05-01,0.0802093426506723,4
CMR_aug_79,2022-06-01,0.11227640321447237,5
CMR_aug_79,2022-07-01,0.10184933215330684,6
CMR_aug_80,2021-08-01,0.09837889089652435,-5
CMR_aug_80,2021-09-01,0.003944470008963721,-4
CMR_aug_80,2021-10-01,0.0013327453694307048,-3
CMR_aug_80,2021-11-01,0.010848991314152555,-2
CMR_aug_80,2021-12-01,3.577431040335897e-05,-1
CMR_aug_80,2022-01-01,0.05289851664008395,0
CMR_aug_80,2022-02-01,0.14269997012033228,1
CMR_aug_80,2022-03-01,0.14172873077987364,2
CMR_aug_80,2022-04-01,0.13351848081629125,3
CMR_aug_80,2022-05-01,0.08603066893245828,4
CMR_aug_80,2022-06-01,0.08372508927409773,5
CMR_aug_80,2022-07-01,0.11008676736918585,6
CMR_aug_81,2021-08-01,0.09930462895710822,-5
CMR_aug_81,2021-09-01,0.006242297674900152,-4
CMR_aug_81,2021-10-01,-0.0027177892542975092,-3
CMR_aug_81,2021-11-01,0.0007868488733783286,-2
CMR_aug_81,2021-12-01,-0.004768261170498103,-1
CMR_aug_81,2022-01-01,0.04771371384613922,0
CMR_aug_81,2022-02-01,0.14642775381826353,1
CMR_aug_81,2022-03-01,0.14606491004336875,2
CMR_aug_81,2022-04-01,0.13126173355301907,3
CMR_aug_81,2022-05-01,0.07618946402981676,4
CMR_aug_81,2022-06-01,0.079987438941292,5
CMR_aug_81,2022-07-01,0.11653512430315342,6
CMR_aug_82,2021-08-01,0.08942035601775496,-5
CMR_aug_82,2021-09-01,0.008244705164832031,-4
CMR_aug_82,2021-10-01,-0.0038321051977796387,-3
CMR_aug_82,2021-11-01,0.0023174584033343482,-2
CMR_aug_82,2021-12-01,-0.003302464303731383,-1
CMR_aug_82,2022-01-01,0.04948538029611228,0
CMR_aug_82,2022-02-01,0.14422756556806565,1
CMR_aug_82,2022-03-01,0.13641228391034244,2
CMR_aug_82,2022-04-01,0.12177928770143041,3
CMR_aug_82,2022-05-01,0.07350532728741627,4
CMR_aug_82,2022-06-01,0.06838949444362945,5
CMR_aug_82,2022-07-01,0.09704435765310365,6
CMR_aug_83,2021-08-01,0.09992980495960857,-5
CMR_aug_83,2021-09-01,0.020035665003933112,-4
CMR_aug_83,2021-10-01,0.004223294949221525,-3
CMR_aug_83,2021-11-01,0.007972895382516823,-2
CMR_aug_83,2021-12-01,0.0018517236325719258,-1
CMR_aug_83,2022-01-01,0.05694627601443048,0
CMR_aug_83,2022-02-01,0.1541607227169903,1
CMR_aug_83,2022-03-01,0.151173283789481,2
CMR_aug_83,2022-04-01,0.1398214403782359,3
CMR_aug_83,2022-05-01,0.08429894332318953,4
CMR_aug_83,2022-06-01,0.08112330429339214,5
CMR_aug_83,2022-07-01,0.11472018119452077,6
CMR_aug_84,2021-08-01,-0.004675736283504906,-5
CMR_aug_84,2021-09-01,0.0008415926536045164,-4
CMR_aug_84,2021-10-01,-0.0025382022963939023,-3
CMR_aug_84,2021-11-01,0.05460923382693528,-2
CMR_aug_84,2021-12-01,0.16792051841170816,-1
CMR_aug_84,2022-01-01,0.17387852569495443,0
CMR_aug_84,2022-02-01,0.1514681551991914,1
CMR_aug_84,2022-03-01,0.09045802624391859,2
CMR_aug_84,2022-04-01,0.08403870221900081,3
CMR_aug_84,2022-05-01,0.12068054300329109,4
CMR_aug_84,2022-06-01,0.10639585689194012,5
CMR_aug_84,2022-07-01,0.020064005377333022,6
CMR_aug_85,2021-08-01,-0.007999842634829349,-5
CMR_aug_85,2021-09-01,0.002239320079667536,-4
CMR_aug_85,2021-10-01,-0.008983394492894453,-3
CMR_aug_85,2021-11-01,0.06112537882998329,-2
CMR_aug_85,2021-12-01,0.17791193381267614,-1
CMR_aug_85,2022-01-01,0.1629644782412061,0
CMR_aug_85,2022-02-01,0.1449981156933973,1
CMR_aug_85,2022-03-01,0.09875867580646248,2
CMR_aug_85,2022-04-01,0.08600622258654803,3
CMR_aug_85,2022-05-01,0.11766173392264567,4
CMR_aug_85,2022-06-01,0.10570900640180414,5
CMR_aug_85,2022-07-01,8.258018493413101e-05,6
CMR_aug_86,2021-08-01,-0.0003455420169252963,-5
CMR_aug_86,2021-09-01,-0.00025374330046565655,-4
CMR_aug_86,2021-10-01,-0.010121986479786932,-3
CMR_aug_86,2021-11-01,0.05871467412925904,-2
CMR_aug_86,2021-12-01,0.15740875402542617,-1
CMR_aug_86,2022-01-01,0.15737175847590684,0
CMR_aug_86,2022-02-01,0.1425460948180682,1
CMR_aug_86,2022-03-01,0.0904151960940223,2
CMR_aug_86,2022-04-01,0.08681917908502557,3
CMR_aug_86,2022-05-01,0.12047256348810334,4
CMR_aug_86,2022-06-01,0.1108773526113976,5
CMR_aug_86,2022-07-01,0.020478945565208358,6
CMR_aug_87,2021-08-01,-0.002179837225796541,-5
CMR_aug_87,2021-09-01,-0.0011230030377066174,-4
CMR_aug_87,2021-10-01,-0.014166741808998483,-3
CMR_aug_87,2021-11-01,0.04270044363323952,-2
CMR_aug_87,2021-12-01,0.17021012697973617,-1
CMR_aug_87,2022-01-01,0.16905590324165293,0
CMR_aug_87,2022-02-01,0.14474060849420287,1
CMR_aug_87,2022-03-01,0.08596627398769192,2
CMR_aug_87,2022-04-01,0.08184243562194557,3
CMR_aug_87,2022-05-01,0.11809659874574473,4
CMR_aug_87,2022-06-01,0.10904590530679618,5
CMR_aug_87,2022-07-01,0.012096887185893654,6
CMR_aug_88,2021-08-01,0.009599983116673025,-5
CMR_aug_88,2021-09-01,0.001108413721314114,-4
CMR_aug_88,2021-10-01,0.005271584967061142,-3
CMR_aug_88,2021-11-01,-0.016128482191789306,-2
CMR_aug_88,2021-12-01,0.04473329530328625,-1
CMR_aug_88,2022-01-01,0.14971098382437112,0
CMR_aug_88,2022-02-01,0.14815867169199953,1
CMR_aug_88,2022-03-01,0.15479142429623097,2
CMR_aug_88,2022-04-01,0.10294678191410206,3
CMR_aug_88,2022-05-01,0.08943846163906535,4
CMR_aug_88,2022-06-01,0.12571442174040853,5
CMR_aug_88,2022-07-01,0.11413289446579143,6
CMR_aug_89,2021-08-01,0.012752077648439188,-5
CMR_aug_89,2021-09-01,0.004983411271268885,-4
CMR_aug_89,2021-10-01,0.01943987074161756,-3
CMR_aug_89,2021-11-01,0.0003327626018508412,-2
CMR_aug_89,2021-12-01,0.0606164881535072,-1
CMR_aug_89,2022-01-01,0.1606816365741672,0
CMR_aug_89,2022-02-01,0.15823272204349434,1
CMR_aug_89,2022-03-01,0.1394680292287973,2
CMR_aug_89,2022-04-01,0.08741013130207141,3
CMR_aug_89,2022-05-01,0.07838997007567086,4
CMR_aug_89,2022-06-01,0.11809389636554465,5
CMR_aug_89,2022-07-01,0.11117928566400012,6
CMR_aug_90,2021-08-01,0.003127279732168117,-5
CMR_aug_90,2021-09-01,-0.005115905535441092,-4
CMR_aug_90,2021-10-01,-0.003793480066907915,-3
CMR_aug_90,2021-11-01,-0.017085710190330068,-2
CMR_aug_90,2021-12-01,0.04411987867253264,-1
CMR_aug_90,2022-01-01,0.15240748888871214,0
CMR_aug_90,2022-02-01,0.16310355421555536,1
CMR_aug_90,2022-03-01,0.15077479757486276,2
CMR_aug_90,2022-04-01,0.08998000928806076,3
CMR_aug_90,2022-05-01,0.07867690382433887,4
CMR_aug_90,2022-06-01,0.11856318607969489,5
CMR_aug_90,2022-07-01,0.11827623498645207,6
CMR_aug_91,2021-08-01,0.0011612768870311908,-5
CMR_aug_91,2021-09-01,-0.017706766813640223,-4
CMR_aug_91,2021-10-01,0.002076491337176214,-3
CMR_aug_91,2021-11-01,-0.0033486052375958043,-2
CMR_aug_91,2021-12-01,0.0502199031026716,-1
CMR_aug_91,2022-01-01,0.16165856318655208,0
CMR_aug_91,2022-02-01,0.14049553908145168,1
CMR_aug_91,2022-03-01,0.132060581952297,2
CMR_aug_91,2022-04-01,0.08639729687418247,3
CMR_aug_91,2022-05-01,0.08470804314637526,4
CMR_aug_91,2022-06-01,0.11113391274403658,5
CMR_aug_91,2022-07-01,0.10137054566636289,6
CMR_aug_92,2021-08-01,0.09917913546208669,-5
CMR_aug_92,2021-09-01,0.0079613865258537,-4
CMR_aug_92,2021-10-01,-0.007135674723492427,-3
CMR_aug_92,2021-11-01,-0.0035017396056073458,-2
CMR_aug_92,2021-12-01,-0.015358467283613737,-1
CMR_aug_92,2022-01-01,0.05037606041750466,0
CMR_aug_92,2022-02-01,0.1636416738666581,1
CMR_aug_92,2022-03-01,0.15579271023820793,2
CMR_aug_92,2022-04-01,0.14324510364854362,3
CMR_aug_92,2022-05-01,0.0841637494015764,4
CMR_aug_92,2022-06-01,0.07603262526410162,5
CMR_aug_92,2022-07-01,0.11047317623890568,6
CMR_aug_93,2021-08-01,0.1196686214432623,-5
CMR_aug_93,2021-09-01,0.014772129346615856,-4
CMR_aug_93,2021-10-01,0.01138726976849198,-3
CMR_aug_93,2021-11-01,0.01791503373235565,-2
CMR_aug_93,2021-12-01,0.00739352488408154,-1
CMR_aug_93,2022-01-01,0.07311044765216934,0
CMR_aug_93,2022-02-01,0.17715452367851478,1
CMR_aug_93,2022-03-01,0.16909879256758015,2
CMR_aug_93,2022-04-01,0.15227077384631013,3
CMR_aug_93,2022-05-01,0.10608333731258865,4
CMR_aug_93,2022-06-01,0.09983720269333231,5
CMR_aug_93,2022-07-01,0.12423944133686958,6
CMR_aug_94,2021-08-01,0.09690369085013639,-5
CMR_aug_94,2021-09-01,0.0036793014376980474,-4
CMR_aug_94,2021-10-01,-0.00965946106066106,-3
CMR_aug_94,2021-11-01,-0.0033228652269088974,-2
CMR_aug_94,2021-12-01,-0.0023266524833347674,-1
CMR_aug_94,2022-01-01,0.05332828820649452,0
CMR_aug_94,2022-02-01,0.16055389820434,1
CMR_aug_94,2022-03-01,0.15526659005874222,2
CMR_aug_94,2022-04-01,0.1475485254555011,3
CMR_aug_94,2022-05-01,0.08264108897394304,4
CMR_aug_94,2022-06-01,0.07316544851545932,5
CMR_aug_94,2022-07-01,0.10992543343880264,6
CMR_aug_95,2021-08-01,0.11145995952046887,-5
CMR_aug_95,2021-09-01,0.012461094024660868,-4
CMR_aug_95,2021-10-01,-0.009574221804144798,-3
CMR_aug_95,2021-11-01,0.0006859648511157723,-2
CMR_aug_95,2021-12-01,-0.010269130805698405,-1
CMR_aug_95,2022-01-01,0.04339424332472999,0
CMR_aug_95,2022-02-01,0.15006149162394342,1
CMR_aug_95,2022-03-01,0.14633182765330405,2
CMR_aug_95,2022-04-01,0.13273730908806397,3
CMR_aug_95,2022-05-01,0.07224566333313472,4
CMR_aug_95,2022-06-01,0.07439024657165424,5
CMR_aug_95,2022-07-01,0.11695007911417085,6
CMR_aug_96,2021-08-01,0.003626325850225219,-5
CMR_aug_96,2021-09-01,-8.478591329914419e-05,-4
CMR_aug_96,2021-10-01,-0.008616549826809608,-3
CMR_aug_96,2021-11-01,0.053516320224429086,-2
CMR_aug_96,2021-12-01,0.16898750906445925,-1
CMR_aug_96,2022-01-01,0.1664342385839126,0
CMR_aug_96,2022-02-01,0.1474040499868171,1
CMR_aug_96,2022-03-01,0.09563463340174996,2
CMR_aug_96,2022-04-01,0.08937025463176601,3
CMR_aug_96,2022-05-01,0.13110492302697083,4
CMR_aug_96,2022-06-01,0.12020161781650229,5
CMR_aug_96,2022-07-01,0.02394576900806253,6
CMR_aug_97,2021-08-01,0.00022672021945458604,-5
CMR_aug_97,2021-09-01,0.012733753260736606,-4
CMR_aug_97,2021-10-01,0.004247384641793607,-3
CMR_aug_97,2021-11-01,0.05763487733859606,-2
CMR_aug_97,2021-12-01,0.17676270538731778,-1
CMR_aug_97,2022-01-01,0.17219372342570918,0
CMR_aug_97,2022-02-01,0.15328266691444406,1
CMR_aug_97,2022-03-01,0.09649293746190621,2
CMR_aug_97,2022-04-01,0.08902413111780737,3
CMR_aug_97,2022-05-01,0.12491206932231073,4
CMR_aug_97,2022-06-01,0.11271784237365232,5
CMR_aug_97,2022-07-01,0.015711591869927693,6
CMR_aug_98,2021-08-01,0.009904810865393746,-5
CMR_aug_98,2021-09-01,0.017652871295351348,-4
CMR_aug_98,2021-10-01,0.006466993691337499,-3
CMR_aug_98,2021-11-01,0.07002205896933497,-2
CMR_aug_98,2021-12-01,0.1710692901903892,-1
CMR_aug_98,2022-01-01,0.1663095669635259,0
CMR_aug_98,2022-02-01,0.16254599840025705,1
CMR_aug_98,2022-03-01,0.10470949990581599,2
CMR_aug_98,2022-04-01,0.08807145235229688,3
CMR_aug_98,2022-05-01,0.1175493215306189,4
CMR_aug_98,2022-06-01,0.09972485694061647,5
CMR_aug_98,2022-07-01,-0.0001808814776233375,6
CMR_aug_99,2021-08-01,-0.002494032835937291,-5
CMR_aug_99,2021-09-01,-0.00608328206495332,-4
CMR_aug_99,2021-10-01,-0.011623213494915251,-3
CMR_aug_99,2021-11-01,0.05679986901811804,-2
CMR_aug_99,2021-12-01,0.16232316050697101,-1
CMR_aug_99,2022-01-01,0.166745174781854,0
CMR_aug_99,2022-02-01,0.1550826913087567,1
CMR_aug_99,2022-03-01,0.10682829661604594,2
CMR_aug_99,2022-04-01,0.0907293108362987,3
CMR_aug_99,2022-05-01,0.12847987341056127,4
CMR_aug_99,2022-06-01,0.10755901659170403,5
CMR_aug_99,2022-07-01,0.015474584784822509,6
CMR_aug_100,2021-08-01,0.011730206249180072,-5
CMR_aug_100,2021-09-01,0.0037766760074276,-4
CMR_aug_100,2021-10-01,-0.00020385234178395446,-3
CMR_aug_100,2021-11-01,-0.012855484573669966,-2
CMR_aug_100,2021-12-01,0.05408835548670479,-1
CMR_aug_100,2022-01-01,0.16013326149974164,0
CMR_aug_100,2022-02-01,0.15884861686333085,1
CMR_aug_100,2022-03-01,0.13816724849214165,2
CMR_aug_100,2022-04-01,0.09359098680204406,3
CMR_aug_100,2022-05-01,0.07778367709417255,4
CMR_aug_100,2022-06-01,0.1173752870394324,5
CMR_aug_100,2022-07-01,0.10987164664395799,6
CMR_aug_101,2021-08-01,0.006528586551764901,-5
CMR_aug_101,2021-09-01,0.00021432654243515553,-4
CMR_aug_101,2021-10-01,0.005838055814524508,-3
CMR_aug_101,2021-11-01,-0.0063842565654065285,-2
CMR_aug_101,2021-12-01,0.04911845668013527,-1
CMR_aug_101,2022-01-01,0.15049103025533767,0
CMR_aug_101,2022-02-01,0.15124564556298642,1
CMR_aug_101,2022-03-01,0.13152474945282122,2
CMR_aug_101,2022-04-01,0.08431352076596844,3
CMR_aug_101,2022-05-01,0.07692586583570489,4
CMR_aug_101,2022-06-01,0.11751898392882461,5
CMR_aug_101,2022-07-01,0.10441949027006542,6
CMR_aug_102,2021-08-01,0.008728281895908113,-5
CMR_aug_102,2021-09-01,0.002690999517982467,-4
CMR_aug_102,2021-10-01,0.008063093651433994,-3
CMR_aug_102,2021-11-01,0.00033337738362307964,-2
CMR_aug_102,2021-12-01,0.06279143577635181,-1
CMR_aug_102,2022-01-01,0.16286536319494122,0
CMR_aug_102,2022-02-01,0.16256831483240022,1
CMR_aug_102,2022-03-01,0.1526926656747569,2
CMR_aug_102,2022-04-01,0.09285239998918939,3
CMR_aug_102,2022-05-01,0.08317260884179713,4
CMR_aug_102,2022-06-01,0.1177016421872088,5
CMR_aug_102,2022-07-01,0.10555398983966927,6
CMR_aug_103,2021-08-01,0.012700455912268031,-5
CMR_aug_103,2021-09-01,0.009731833868428763,-4
CMR_aug_103,2021-10-01,0.01758990014166238,-3
CMR_aug_103,2021-11-01,-0.002577963596893498,-2
CMR_aug_103,2021-12-01,0.061616192631563246,-1
CMR_aug_103,2022-01-01,0.17917545874357185,0
CMR_aug_103,2022-02-01,0.17206306655382303,1
CMR_aug_103,2022-03-01,0.16237526021764834,2
CMR_aug_103,2022-04-01,0.11794301289305276,3
CMR_aug_103,2022-05-01,0.10877928987958604,4
CMR_aug_103,2022-06-01,0.13781513211349433,5
CMR_aug_103,2022-07-01,0.1270589784521199,6
CMR_aug_104,2021-08-01,0.1092035125928936,-5
CMR_aug_104,2021-09-01,0.011467257407097111,-4
CMR_aug_104,2021-10-01,-0.0018296449383080273,-3
CMR_aug_104,2021-11-01,0.012173276389398888,-2
CMR_aug_104,2021-12-01,-0.003509969840451068,-1
CMR_aug_104,2022-01-01,0.06639828599873866,0
CMR_aug_104,2022-02-01,0.17764408983556798,1
CMR_aug_104,2022-03-01,0.16026754329303963,2
CMR_aug_104,2022-04-01,0.1495746682223303,3
CMR_aug_104,2022-05-01,0.08412620510040499,4
CMR_aug_104,2022-06-01,0.08211483139497952,5
CMR_aug_104,2022-07-01,0.1224787156000705,6
CMR_aug_105,2021-08-01,0.10478857758192923,-5
CMR_aug_105,2021-09-01,0.00889412938018856,-4
CMR_aug_105,2021-10-01,0.010129657155612098,-3
CMR_aug_105,2021-11-01,0.008368812279263525,-2
CMR_aug_105,2021-12-01,-0.007681598043681737,-1
CMR_aug_105,2022-01-01,0.06309949309355535,0
CMR_aug_105,2022-02-01,0.18403503533374965,1
CMR_aug_105,2022-03-01,0.1732579088871018,2
CMR_aug_105,2022-04-01,0.16275695080677882,3
CMR_aug_105,2022-05-01,0.11420005174065644,4
CMR_aug_105,2022-06-01,0.09551517853112484,5
CMR_aug_105,2022-07-01,0.12389255119977835,6
CMR_aug_106,2021-08-01,0.11570687103198522,-5
CMR_aug_106,2021-09-01,0.02608400422951003,-4
CMR_aug_106,2021-10-01,0.01414010935680444,-3
CMR_aug_106,2021-11-01,0.009008165256789167,-2
CMR_aug_106,2021-12-01,0.011018025189809901,-1
CMR_aug_106,2022-01-01,0.06447295818537918,0
CMR_aug_106,2022-02-01,0.17126138641093874,1
CMR_aug_106,2022-03-01,0.1661145962789904,2
CMR_aug_106,2022-04-01,0.1608780886878278,3
CMR_aug_106,2022-05-01,0.10993170207246386,4
CMR_aug_106,2022-06-01,0.09938129209881853,5
CMR_aug_106,2022-07-01,0.13234894446975257,6
CMR_aug_107,2021-08-01,0.10859644619267726,-5
CMR_aug_107,2021-09-01,0.014230634028026146,-4
CMR_aug_107,2021-10-01,-0.012889270962111413,-3
CMR_aug_107,2021-11-01,-0.006905944712170524,-2
CMR_aug_107,2021-12-01,-0.010862259485681921,-1
CMR_aug_107,2022-01-01,0.045050223148694016,0
CMR_aug_107,2022-02-01,0.16163663597771222,1
CMR_aug_107,2022-03-01,0.1559296704688614,2
CMR_aug_107,2022-04-01,0.1547710595274135,3
CMR_aug_107,2022-05-01,0.10985291107040865,4
CMR_aug_107,2022-06-01,0.09405088191924749,5
CMR_aug_107,2022-07-01,0.12484415270163561,6
CMR_aug_108,2021-08-01,-0.0007557025813341968,-5
CMR_aug_108,2021-09-01,0.0009515653990584015,-4
CMR_aug_108,2021-10-01,-0.0058216264399092495,-3
CMR_aug_108,2021-11-01,0.05391170217273829,-2
CMR_aug_108,2021-12-01,0.16520947269125213,-1
CMR_aug_108,2022-01-01,0.16579596270282135,0
CMR_aug_108,2022-02-01,0.15700119208897023,1
CMR_aug_108,2022-03-01,0.09640561279004652,2
CMR_aug_108,2022-04-01,0.09376882442610737,3
CMR_aug_108,2022-05-01,0.12461337827603403,4
CMR_aug_108,2022-06-01,0.11406161332232936,5
CMR_aug_108,2022-07-01,0.016469275073152007,6
CMR_aug_109,2021-08-01,-0.0005015109401442113,-5
CMR_aug_109,2021-09-01,0.0068462160995532515,-4
CMR_aug_109,2021-10-01,-0.006072969309148464,-3
CMR_aug_109,2021-11-01,0.057271810219369036,-2
CMR_aug_109,2021-12-01,0.17344979177146533,-1
CMR_aug_109,2022-01-01,0.16308308383293618,0
CMR_aug_109,2022-02-01,0.14997205869012126,1
CMR_aug_109,2022-03-01,0.08666821916843931,2
CMR_aug_109,2022-04-01,0.07803975538301129,3
CMR_aug_109,2022-05-01,0.11550511316601672,4
CMR_aug_109,2022-06-01,0.10431214598408774,5
CMR_aug_109,2022-07-01,0.0027775970349012656,6
CMR_aug_110,2021-08-01,-0.0006789228697857163,-5
CMR_aug_110,2021-09-01,0.006874501052059614,-4
CMR_aug_110,2021-10-01,0.0027131010435712437,-3
CMR_aug_110,2021-11-01,0.06072335626861611,-2
CMR_aug_110,2021-12-01,0.16964268213421496,-1
CMR_aug_110,2022-01-01,0.15848761753288976,0
CMR_aug_110,2022-02-01,0.14471627152922553,1
CMR_aug_110,2022-03-01,0.09043625739389036,2
CMR_aug_110,2022-04-01,0.07898787104867366,3
CMR_aug_110,2022-05-01,0.1098129895072715,4
CMR_aug_110,2022-06-01,0.09896527336235202,5
CMR_aug_110,2022-07-01,0.0016039117092119925,6
CMR_aug_111,2021-08-01,0.0034601983911984545,-5
CMR_aug_111,2021-09-01,0.003311982633143414,-4
CMR_aug_111,2021-10-01,-0.007958656372174302,-3
CMR_aug_111,2021-11-01,0.051315992311220526,-2
CMR_aug_111,2021-12-01,0.170272820912709,-1
CMR_aug_111,2022-01-01,0.16016021462701435,0
CMR_aug_111,2022-02-01,0.15259938246471944,1
CMR_aug_111,2022-03-01,0.087059449187289,2
CMR_aug_111,2022-04-01,0.07914951768498196,3
CMR_aug_111,2022-05-01,0.11999477296606033,4
CMR_aug_111,2022-06-01,0.11030861537909885,5
CMR_aug_111,2022-07-01,0.025576402339764402,6
CMR_aug_112,2021-08-01,0.013465957581915825,-5
CMR_aug_112,2021-09-01,-0.005034497122741838,-4
CMR_aug_112,2021-10-01,0.00012421488379158862,-3
CMR_aug_112,2021-11-01,-0.018838623712762532,-2
CMR_aug_112,2021-12-01,0.04883649576550146,-1
CMR_aug_112,2022-01-01,0.16344078844459478,0
CMR_aug_112,2022-02-01,0.16637054621914468,1
CMR_aug_112,2022-03-01,0.14998322078626003,2
CMR_aug_112,2022-04-01,0.0956997835937204,3
CMR_aug_112,2022-05-01,0.08361421874222294,4
CMR_aug_112,2022-06-01,0.13226102679599766,5
CMR_aug_112,2022-07-01,0.11593256053201666,6
CMR_aug_113,2021-08-01,0.022810309426948373,-5
CMR_aug_113,2021-09-01,0.013132935662759382,-4
CMR_aug_113,2021-10-01,0.016807709340720216,-3
CMR_aug_113,2021-11-01,0.006657508485859582,-2
CMR_aug_113,2021-12-01,0.07013191242553626,-1
CMR_aug_113,2022-01-01,0.17183222582994556,0
CMR_aug_113,2022-02-01,0.16486911978063887,1
CMR_aug_113,2022-03-01,0.15769462824605415,2
CMR_aug_113,2022-04-01,0.10166414397256641,3
CMR_aug_113,2022-05-01,0.08304629165477237,4
CMR_aug_113,2022-06-01,0.12056475069761866,5
CMR_aug_113,2022-07-01,0.1202986144501357,6
CMR_aug_114,2021-08-01,0.019119439771333534,-5
CMR_aug_114,2021-09-01,0.004961414336224651,-4
CMR_aug_114,2021-10-01,0.013898759321302512,-3
CMR_aug_114,2021-11-01,-6.455694694892499e-05,-2
CMR_aug_114,2021-12-01,0.052086057710143706,-1
CMR_aug_114,2022-01-01,0.16519784860593217,0
CMR_aug_114,2022-02-01,0.1717126265564604,1
CMR_aug_114,2022-03-01,0.15555523927196166,2
CMR_aug_114,2022-04-01,0.09890244341734619,3
CMR_aug_114,2022-05-01,0.0880293795493174,4
CMR_aug_114,2022-06-01,0.13647266173929956,5
CMR_aug_114,2022-07-01,0.13122772558540013,6
CMR_aug_115,2021-08-01,0.025244292427366366,-5
CMR_aug_115,2021-09-01,0.008747392807258376,-4
CMR_aug_115,2021-10-01,0.012484007886420703,-3
CMR_aug_115,2021-11-01,-0.008328490222703613,-2
CMR_aug_115,2021-12-01,0.06619817954204715,-1
CMR_aug_115,2022-01-01,0.17379673152164457,0
CMR_aug_115,2022-02-01,0.16940324774825227,1
CMR_aug_115,2022-03-01,0.14870864149898655,2
CMR_aug_115,2022-04-01,0.09180947336860334,3
CMR_aug_115,2022-05-01,0.07954990183165213,4
CMR_aug_115,2022-06-01,0.1145538226948617,5
CMR_aug_115,2022-07-01,0.10184602692048686,6
CMR_aug_116,2021-08-01,0.11055356913056447,-5
CMR_aug_116,2021-09-01,0.014032425395009762,-4
CMR_aug_116,2021-10-01,-0.005263077911900346,-3
CMR_aug_116,2021-11-01,0.0019515694235746556,-2
CMR_aug_116,2021-12-01,0.0013429012658180053,-1
CMR_aug_116,2022-01-01,0.0606002361993342,0
CMR_aug_116,2022-02-01,0.17261253669670049,1
CMR_aug_116,2022-03-01,0.1657341263658069,2
CMR_aug_116,2022-04-01,0.16042413389220686,3
CMR_aug_116,2022-05-01,0.10515529871955194,4
CMR_aug_116,2022-06-01,0.09106068152813514,5
CMR_aug_116,2022-07-01,0.12969858711809723,6
CMR_aug_117,2021-08-01,0.1070621075541707,-5
CMR_aug_117,2021-09-01,0.010567874808702988,-4
CMR_aug_117,2021-10-01,0.0017873435775297185,-3
CMR_aug_117,2021-11-01,0.0036839771611828576,-2
CMR_aug_117,2021-12-01,-0.010373631378854328,-1
CMR_aug_117,2022-01-01,0.049834274041742996,0
CMR_aug_117,2022-02-01,0.17277752908056565,1
CMR_aug_117,2022-03-01,0.17505040606625408,2
CMR_aug_117,2022-04-01,0.1556620912747461,3
CMR_aug_117,2022-05-01,0.10340172816208451,4
CMR_aug_117,2022-06-01,0.07999689989666113,5
CMR_aug_117,2022-07-01,0.11502132842962189,6
CMR_aug_118,2021-08-01,0.11381303165012385,-5
CMR_aug_118,2021-09-01,0.005388145109396101,-4
CMR_aug_118,2021-10-01,-0.010408530453122544,-3
CMR_aug_118,2021-11-01,-0.0073409813677920285,-2
CMR_aug_118,2021-12-01,-0.011163172532146201,-1
CMR_aug_118,2022-01-01,0.05367472156736042,0
CMR_aug_118,2022-02-01,0.15805911673594206,1
CMR_aug_118,2022-03-01,0.1433731265182189,2
CMR_aug_118,2022-04-01,0.13311022789540533,3
CMR_aug_118,2022-05-01,0.08720548669111493,4
CMR_aug_118,2022-06-01,0.06420595308640352,5
CMR_aug_118,2022-07-01,0.10421867706087513,6
CMR_aug_119,2021-08-01,0.11069234533854358,-5
CMR_aug_119,2021-09-01,0.01762970496934562,-4
CMR_aug_119,2021-10-01,0.001856149820507224,-3
CMR_aug_119,2021-11-01,0.008086792336189315,-2
CMR_aug_119,2021-12-01,-0.0010375083447270962,-1
CMR_aug_119,2022-01-01,0.04869846009414717,0
CMR_aug_119,2022-02-01,0.1734328609633418,1
CMR_aug_119,2022-03-01,0.16913330443846314,2
CMR_aug_119,2022-04-01,0.15863315511883228,3
CMR_aug_119,2022-05-01,0.12738933521495466,4
CMR_aug_119,2022-06-01,0.09723793172469142,5
CMR_aug_119,2022-07-01,0.1419534027935109,6
RSA_aug_0,2010-01-01,0.03338749034971201,-5
RSA_aug_0,2010-02-01,0.06811866668985078,-4
RSA_aug_0,2010-03-01,0.08556785576476458,-3
RSA_aug_0,2010-04-01,0.07477950091902255,-2
RSA_aug_0,2010-05-01,0.08649641932548408,-1
RSA_aug_0,2010-06-01,0.07220441201228973,0
RSA_aug_0,2010-07-01,0.05736599426005949,1
RSA_aug_0,2010-08-01,-0.007945563002726844,2
RSA_aug_0,2010-09-01,0.0073763248767493616,3
RSA_aug_0,2010-10-01,0.008531219614339294,4
RSA_aug_0,2010-11-01,0.03218716962823086,5
RSA_aug_0,2010-12-01,0.032423956969034856,6
RSA_aug_1,2010-01-01,0.03528650983884184,-5
RSA_aug_1,2010-02-01,0.07835573559187708,-4
RSA_aug_1,2010-03-01,0.09146869431320824,-3
RSA_aug_1,2010-04-01,0.0768618516329865,-2
RSA_aug_1,2010-05-01,0.08915652364322406,-1
RSA_aug_1,2010-06-01,0.0724349991180821,0
RSA_aug_1,2010-07-01,0.06055929234462436,1
RSA_aug_1,2010-08-01,-0.007662571319257664,2
RSA_aug_1,2010-09-01,0.004606307557047464,3
RSA_aug_1,2010-10-01,0.0006324250563471176,4
RSA_aug_1,2010-11-01,0.03334405937397039,5
RSA_aug_1,2010-12-01,0.03437282283776901,6
RSA_aug_2,2010-01-01,0.03813390960711047,-5
RSA_aug_2,2010-02-01,0.07380568648279494,-4
RSA_aug_2,2010-03-01,0.08777548096816226,-3
RSA_aug_2,2010-04-01,0.07515144825117998,-2
RSA_aug_2,2010-05-01,0.09195870584362655,-1
RSA_aug_2,2010-06-01,0.07999712448084063,0
RSA_aug_2,2010-07-01,0.06308239082841971,1
RSA_aug_2,2010-08-01,-0.007742655763370078,2
RSA_aug_2,2010-09-01,-0.0010725575120505582,3
RSA_aug_2,2010-10-01,-0.005433804378465091,4
RSA_aug_2,2010-11-01,0.02711165276780739,5
RSA_aug_2,2010-12-01,0.02481439028549497,6
RSA_aug_3,2010-01-01,0.037289480223512424,-5
RSA_aug_3,2010-02-01,0.07421576083991577,-4
RSA_aug_3,2010-03-01,0.09253197516570577,-3
RSA_aug_3,2010-04-01,0.07058867397042581,-2
RSA_aug_3,2010-05-01,0.08596586040721431,-1
RSA_aug_3,2010-06-01,0.059478082270498576,0
RSA_aug_3,2010-07-01,0.05080530270820095,1
RSA_aug_3,2010-08-01,-0.021183095467650653,2
RSA_aug_3,2010-09-01,0.00038434650237419935,3
RSA_aug_3,2010-10-01,-0.00013272371529033386,4
RSA_aug_3,2010-11-01,0.028724567877000274,5
RSA_aug_3,2010-12-01,0.03323977081991799,6
RSA_aug_4,2010-01-01,0.022768765199784987,-5
RSA_aug_4,2010-02-01,0.03901728085312324,-4
RSA_aug_4,2010-03-01,0.07952502382438524,-3
RSA_aug_4,2010-04-01,0.09403698677386806,-2
RSA_aug_4,2010-05-01,0.08003373353870834,-1
RSA_aug_4,2010-06-01,0.08792616902383717,0
RSA_aug_4,2010-07-01,0.06879883183995496,1
RSA_aug_4,2010-08-01,0.055524584325110225,2
RSA_aug_4,2010-09-01,-0.013937689830452042,3
RSA_aug_4,2010-10-01,-0.003091636138199976,4
RSA_aug_4,2010-11-01,-0.0008276552556367419,5
RSA_aug_4,2010-12-01,0.02557745610566489,6
RSA_aug_5,2010-01-01,0.027574535485384508,-5
RSA_aug_5,2010-02-01,0.033694780412056244,-4
RSA_aug_5,2010-03-01,0.06577565119428705,-3
RSA_aug_5,2010-04-01,0.08664910867890031,-2
RSA_aug_5,2010-05-01,0.06380391672444385,-1
RSA_aug_5,2010-06-01,0.08082899281600078,0
RSA_aug_5,2010-07-01,0.06201158636735697,1
RSA_aug_5,2010-08-01,0.06053991598762115,2
RSA_aug_5,2010-09-01,-0.005241672448601065,3
RSA_aug_5,2010-10-01,0.0070562276809995285,4
RSA_aug_5,2010-11-01,0.006155797071126621,5
RSA_aug_5,2010-12-01,0.028110698817555596,6
RSA_aug_6,2010-01-01,0.02827974832689844,-5
RSA_aug_6,2010-02-01,0.037013644762067956,-4
RSA_aug_6,2010-03-01,0.07570843845147923,-3
RSA_aug_6,2010-04-01,0.09703890760775621,-2
RSA_aug_6,2010-05-01,0.08056655409192329,-1
RSA_aug_6,2010-06-01,0.09343635541918566,0
RSA_aug_6,2010-07-01,0.06944299408667517,1
RSA_aug_6,2010-08-01,0.05466052821402989,2
RSA_aug_6,2010-09-01,-0.013019301934025698,3
RSA_aug_6,2010-10-01,0.0017731509050668507,4
RSA_aug_6,2010-11-01,-0.006241772439116194,5
RSA_aug_6,2010-12-01,0.03179315211430099,6
RSA_aug_7,2010-01-01,0.03187243869048571,-5
RSA_aug_7,2010-02-01,0.04091852209447611,-4
RSA_aug_7,2010-03-01,0.07762899461686978,-3
RSA_aug_7,2010-04-01,0.09285012890987307,-2
RSA_aug_7,2010-05-01,0.07152584699137857,-1
RSA_aug_7,2010-06-01,0.08656839999371985,0
RSA_aug_7,2010-07-01,0.07188102313593527,1
RSA_aug_7,2010-08-01,0.055261976928772535,2
RSA_aug_7,2010-09-01,-0.010927149643305429,3
RSA_aug_7,2010-10-01,0.0022638560024490495,4
RSA_aug_7,2010-11-01,-0.008782802266944887,5
RSA_aug_7,2010-12-01,0.017999285032348787,6
RSA_aug_8,2010-01-01,0.025192006358797144,-5
RSA_aug_8,2010-02-01,0.03221503691997015,-4
RSA_aug_8,2010-03-01,0.04098096435317655,-3
RSA_aug_8,2010-04-01,0.0724734870623932,-2
RSA_aug_8,2010-05-01,0.09195689258496552,-1
RSA_aug_8,2010-06-01,0.06872576787680189,0
RSA_aug_8,2010-07-01,0.08839481223605461,1
RSA_aug_8,2010-08-01,0.07041937463138039,2
RSA_aug_8,2010-09-01,0.05851741035876977,3
RSA_aug_8,2010-10-01,-0.0050732180573596535,4
RSA_aug_8,2010-11-01,0.00202602483337733,5
RSA_aug_8,2010-12-01,-0.007057127698704835,6
RSA_aug_9,2010-01-01,0.02456426882290789,-5
RSA_aug_9,2010-02-01,0.02865607661778919,-4
RSA_aug_9,2010-03-01,0.03091871542638425,-3
RSA_aug_9,2010-04-01,0.06017091684686567,-2
RSA_aug_9,2010-05-01,0.0802117112439137,-1
RSA_aug_9,2010-06-01,0.06856787427870022,0
RSA_aug_9,2010-07-01,0.08872264303093201,1
RSA_aug_9,2010-08-01,0.07066953778672083,2
RSA_aug_9,2010-09-01,0.0575123596136192,3
RSA_aug_9,2010-10-01,-0.0063847678338323196,4
RSA_aug_9,2010-11-01,-0.0010084471996665758,5
RSA_aug_9,2010-12-01,-0.005376045896757331,6
RSA_aug_10,2010-01-01,0.02742251098660422,-5
RSA_aug_10,2010-02-01,0.02840518352399049,-4
RSA_aug_10,2010-03-01,0.03447770196730357,-3
RSA_aug_10,2010-04-01,0.07315299854353857,-2
RSA_aug_10,2010-05-01,0.08143100877713007,-1
RSA_aug_10,2010-06-01,0.06492079604571407,0
RSA_aug_10,2010-07-01,0.08350920604674238,1
RSA_aug_10,2010-08-01,0.06524187060790804,2
RSA_aug_10,2010-09-01,0.055594528338546445,3
RSA_aug_10,2010-10-01,-0.010287060001254407,4
RSA_aug_10,2010-11-01,0.0020032761976657523,5
RSA_aug_10,2010-12-01,-0.0012838230151644057,6
RSA_aug_11,2010-01-01,0.023164240262506693,-5
RSA_aug_11,2010-02-01,0.023115929640475312,-4
RSA_aug_11,2010-03-01,0.0350519043527724,-3
RSA_aug_11,2010-04-01,0.07399213383479666,-2
RSA_aug_11,2010-05-01,0.0890188504018923,-1
RSA_aug_11,2010-06-01,0.07328903653959737,0
RSA_aug_11,2010-07-01,0.09010844191474435,1
RSA_aug_11,2010-08-01,0.06574320116246038,2
RSA_aug_11,2010-09-01,0.05999442908743587,3
RSA_aug_11,2010-10-01,-0.010216084010899532,4
RSA_aug_11,2010-11-01,0.00488721521023711,5
RSA_aug_11,2010-12-01,0.004449795425697756,6
RSA_aug_12,2010-01-01,0.024342667875445267,-5
RSA_aug_12,2010-02-01,0.05486299925626908,-4
RSA_aug_12,2010-03-01,0.06979356613564597,-3
RSA_aug_12,2010-04-01,0.05484302516104634,-2
RSA_aug_12,2010-05-01,0.0732289896712766,-1
RSA_aug_12,2010-06-01,0.05703297711538687,0
RSA_aug_12,2010-07-01,0.04606226084033552,1
RSA_aug_12,2010-08-01,-0.008618952858294723,2
RSA_aug_12,2010-09-01,-0.0011111588327956763,3
RSA_aug_12,2010-10-01,-0.0045989951268461254,4
RSA_aug_12,2010-11-01,0.019944415154319987,5
RSA_aug_12,2010-12-01,0.019178817954908854,6
RSA_aug_13,2010-01-01,0.028190920670388635,-5
RSA_aug_13,2010-02-01,0.05799657689130971,-4
RSA_aug_13,2010-03-01,0.06821306856914348,-3
RSA_aug_13,2010-04-01,0.057106359025969534,-2
RSA_aug_13,2010-05-01,0.07481328861459123,-1
RSA_aug_13,2010-06-01,0.06073451381961109,0
RSA_aug_13,2010-07-01,0.05090544116361244,1
RSA_aug_13,2010-08-01,-0.003887500110716967,2
RSA_aug_13,2010-09-01,0.0018726939347203406,3
RSA_aug_13,2010-10-01,0.0037268613655005193,4
RSA_aug_13,2010-11-01,0.02520436046780372,5
RSA_aug_13,2010-12-01,0.028635533322640874,6
RSA_aug_14,2010-01-01,0.02626528085370006,-5
RSA_aug_14,2010-02-01,0.06376665091280027,-4
RSA_aug_14,2010-03-01,0.07899142753890767,-3
RSA_aug_14,2010-04-01,0.06506113296762178,-2
RSA_aug_14,2010-05-01,0.07559127121039155,-1
RSA_aug_14,2010-06-01,0.06045481000276405,0
RSA_aug_14,2010-07-01,0.05365311245442236,1
RSA_aug_14,2010-08-01,-0.003700129169065588,2
RSA_aug_14,2010-09-01,-0.00010166053346497743,3
RSA_aug_14,2010-10-01,-0.0060912882151812585,4
RSA_aug_14,2010-11-01,0.017424354179737707,5
RSA_aug_14,2010-12-01,0.019417154492361144,6
RSA_aug_15,2010-01-01,0.028301701307375405,-5
RSA_aug_15,2010-02-01,0.06333440037273673,-4
RSA_aug_15,2010-03-01,0.07049302121032315,-3
RSA_aug_15,2010-04-01,0.058105769114613987,-2
RSA_aug_15,2010-05-01,0.06473010916600233,-1
RSA_aug_15,2010-06-01,0.0561763287859776,0
RSA_aug_15,2010-07-01,0.046873499752122176,1
RSA_aug_15,2010-08-01,-0.007424757358147532,2
RSA_aug_15,2010-09-01,0.0007113407081577559,3
RSA_aug_15,2010-10-01,0.0016712396556384703,4
RSA_aug_15,2010-11-01,0.026347112943593924,5
RSA_aug_15,2010-12-01,0.026249127476399004,6
RSA_aug_16,2010-01-01,0.021028994112167177,-5
RSA_aug_16,2010-02-01,0.02995514702368966,-4
RSA_aug_16,2010-03-01,0.0586500426390523,-3
RSA_aug_16,2010-04-01,0.075788012064049,-2
RSA_aug_16,2010-05-01,0.06620480367834385,-1
RSA_aug_16,2010-06-01,0.07887992739211802,0
RSA_aug_16,2010-07-01,0.06122108719969942,1
RSA_aug_16,2010-08-01,0.05164297947081703,2
RSA_aug_16,2010-09-01,-0.009369249568751533,3
RSA_aug_16,2010-10-01,0.0037258119038452633,4
RSA_aug_16,2010-11-01,0.0012058775217459608,5
RSA_aug_16,2010-12-01,0.017268617587667786,6
RSA_aug_17,2010-01-01,0.017921379531383178,-5
RSA_aug_17,2010-02-01,0.025264489341043476,-4
RSA_aug_17,2010-03-01,0.05671376635850522,-3
RSA_aug_17,2010-04-01,0.06826741588867193,-2
RSA_aug_17,2010-05-01,0.05734581834763352,-1
RSA_aug_17,2010-06-01,0.0704484077032372,0
RSA_aug_17,2010-07-01,0.05715501868512363,1
RSA_aug_17,2010-08-01,0.0455416099920158,2
RSA_aug_17,2010-09-01,-0.006427752466770962,3
RSA_aug_17,2010-10-01,0.008966975168268368,4
RSA_aug_17,2010-11-01,0.001922927860707674,5
RSA_aug_17,2010-12-01,0.021537594411431896,6
RSA_aug_18,2010-01-01,0.022897672023045657,-5
RSA_aug_18,2010-02-01,0.02839000473970942,-4
RSA_aug_18,2010-03-01,0.05930452752923258,-3
RSA_aug_18,2010-04-01,0.07587981198145323,-2
RSA_aug_18,2010-05-01,0.0555528246054631,-1
RSA_aug_18,2010-06-01,0.07245269177951488,0
RSA_aug_18,2010-07-01,0.05930832357337052,1
RSA_aug_18,2010-08-01,0.04802812004138663,2
RSA_aug_18,2010-09-01,-0.008179114290351893,3
RSA_aug_18,2010-10-01,0.002690960444670896,4
RSA_aug_18,2010-11-01,-0.006059250512329713,5
RSA_aug_18,2010-12-01,0.022505889034530612,6
RSA_aug_19,2010-01-01,0.02154331262614207,-5
RSA_aug_19,2010-02-01,0.029889483245329685,-4
RSA_aug_19,2010-03-01,0.06359852758029061,-3
RSA_aug_19,2010-04-01,0.07347044203345031,-2
RSA_aug_19,2010-05-01,0.061103834055766755,-1
RSA_aug_19,2010-06-01,0.07141622448907929,0
RSA_aug_19,2010-07-01,0.06094076050644371,1
RSA_aug_19,2010-08-01,0.0439622039767875,2
RSA_aug_19,2010-09-01,-0.010946733691988082,3
RSA_aug_19,2010-10-01,-0.0008743909275427935,4
RSA_aug_19,2010-11-01,-0.0019470535217701727,5
RSA_aug_19,2010-12-01,0.022189570007568136,6
RSA_aug_20,2010-01-01,0.019652614979317494,-5
RSA_aug_20,2010-02-01,0.017840409116301227,-4
RSA_aug_20,2010-03-01,0.025729192448409273,-3
RSA_aug_20,2010-04-01,0.05523310216387887,-2
RSA_aug_20,2010-05-01,0.07344623014946747,-1
RSA_aug_20,2010-06-01,0.05855066425503111,0
RSA_aug_20,2010-07-01,0.06175125959316555,1
RSA_aug_20,2010-08-01,0.05075492046077569,2
RSA_aug_20,2010-09-01,0.04038064675614007,3
RSA_aug_20,2010-10-01,-0.017971105142577243,4
RSA_aug_20,2010-11-01,-0.007514979001636027,5
RSA_aug_20,2010-12-01,-0.007390686148239246,6
RSA_aug_21,2010-01-01,0.025782748587310708,-5
RSA_aug_21,2010-02-01,0.02505517978941597,-4
RSA_aug_21,2010-03-01,0.02909481753859016,-3
RSA_aug_21,2010-04-01,0.06157128042240232,-2
RSA_aug_21,2010-05-01,0.07379742495850303,-1
RSA_aug_21,2010-06-01,0.05780756576316319,0
RSA_aug_21,2010-07-01,0.06652710506897452,1
RSA_aug_21,2010-08-01,0.049825466677124015,2
RSA_aug_21,2010-09-01,0.041707420282445895,3
RSA_aug_21,2010-10-01,-0.011690938633457753,4
RSA_aug_21,2010-11-01,0.00014836527427399514,5
RSA_aug_21,2010-12-01,-0.003811918950584646,6
RSA_aug_22,2010-01-01,0.01893575975842147,-5
RSA_aug_22,2010-02-01,0.021332781883098183,-4
RSA_aug_22,2010-03-01,0.024448871927195276,-3
RSA_aug_22,2010-04-01,0.059406485322498814,-2
RSA_aug_22,2010-05-01,0.07070460941569953,-1
RSA_aug_22,2010-06-01,0.055550792970620363,0
RSA_aug_22,2010-07-01,0.06406688251612194,1
RSA_aug_22,2010-08-01,0.05193316478111631,2
RSA_aug_22,2010-09-01,0.04723672883819364,3
RSA_aug_22,2010-10-01,-0.006891103250172583,4
RSA_aug_22,2010-11-01,0.0066169131017032486,5
RSA_aug_22,2010-12-01,0.003368074835594936,6
RSA_aug_23,2010-01-01,0.018460333928529245,-5
RSA_aug_23,2010-02-01,0.018185691956153157,-4
RSA_aug_23,2010-03-01,0.02394608566508358,-3
RSA_aug_23,2010-04-01,0.06073736632632286,-2
RSA_aug_23,2010-05-01,0.07101505423281891,-1
RSA_aug_23,2010-06-01,0.06071548741190505,0
RSA_aug_23,2010-07-01,0.07464866098211811,1
RSA_aug_23,2010-08-01,0.06607628706654284,2
RSA_aug_23,2010-09-01,0.05259101832270557,3
RSA_aug_23,2010-10-01,-0.002693450547533483,4
RSA_aug_23,2010-11-01,0.013366901296952956,5
RSA_aug_23,2010-12-01,0.004482136307022146,6
RSA_aug_24,2010-01-01,0.022769782445006874,-5
RSA_aug_24,2010-02-01,0.04869584527108896,-4
RSA_aug_24,2010-03-01,0.06702937791826453,-3
RSA_aug_24,2010-04-01,0.049466382551975226,-2
RSA_aug_24,2010-05-01,0.06190685035228371,-1
RSA_aug_24,2010-06-01,0.05277803544460444,0
RSA_aug_24,2010-07-01,0.04497882654303826,1
RSA_aug_24,2010-08-01,-0.006916614519954661,2
RSA_aug_24,2010-09-01,0.003916340020035993,3
RSA_aug_24,2010-10-01,0.0037736835317716123,4
RSA_aug_24,2010-11-01,0.020888742029903054,5
RSA_aug_24,2010-12-01,0.01856510533491539,6
RSA_aug_25,2010-01-01,0.024960882079107453,-5
RSA_aug_25,2010-02-01,0.05796048490471157,-4
RSA_aug_25,2010-03-01,0.07380748267497635,-3
RSA_aug_25,2010-04-01,0.060739719204374924,-2
RSA_aug_25,2010-05-01,0.07396961135067645,-1
RSA_aug_25,2010-06-01,0.05625837977090043,0
RSA_aug_25,2010-07-01,0.05158188677248626,1
RSA_aug_25,2010-08-01,0.0006848854772197807,2
RSA_aug_25,2010-09-01,0.010510420657290855,3
RSA_aug_25,2010-10-01,0.009659493816944018,4
RSA_aug_25,2010-11-01,0.022827977369248947,5
RSA_aug_25,2010-12-01,0.020309385035395075,6
RSA_aug_26,2010-01-01,0.025068244022012288,-5
RSA_aug_26,2010-02-01,0.057720338913603675,-4
RSA_aug_26,2010-03-01,0.0680398773925508,-3
RSA_aug_26,2010-04-01,0.05773611428222263,-2
RSA_aug_26,2010-05-01,0.07248458667100272,-1
RSA_aug_26,2010-06-01,0.06064212809343026,0
RSA_aug_26,2010-07-01,0.050557713712355554,1
RSA_aug_26,2010-08-01,-0.007221771969707915,2
RSA_aug_26,2010-09-01,0.000638116057575609,3
RSA_aug_26,2010-10-01,0.0014821133422365223,4
RSA_aug_26,2010-11-01,0.024322473496241077,5
RSA_aug_26,2010-12-01,0.02271089233623328,6
RSA_aug_27,2010-01-01,0.025980441297672123,-5
RSA_aug_27,2010-02-01,0.050438835428784946,-4
RSA_aug_27,2010-03-01,0.06307708062538306,-3
RSA_aug_27,2010-04-01,0.05771063411744571,-2
RSA_aug_27,2010-05-01,0.06484841862838182,-1
RSA_aug_27,2010-06-01,0.05404657105720784,0
RSA_aug_27,2010-07-01,0.048196260179693126,1
RSA_aug_27,2010-08-01,-0.009579450245547204,2
RSA_aug_27,2010-09-01,0.002015216650594798,3
RSA_aug_27,2010-10-01,0.0015135926814025171,4
RSA_aug_27,2010-11-01,0.022139727983627483,5
RSA_aug_27,2010-12-01,0.029597057646740685,6
RSA_aug_28,2010-01-01,0.015652468400345045,-5
RSA_aug_28,2010-02-01,0.026995042437004936,-4
RSA_aug_28,2010-03-01,0.0564476362659554,-3
RSA_aug_28,2010-04-01,0.07241949991234145,-2
RSA_aug_28,2010-05-01,0.059776564399572595,-1
RSA_aug_28,2010-06-01,0.0678125403028269,0
RSA_aug_28,2010-07-01,0.05615614404375617,1
RSA_aug_28,2010-08-01,0.04138175211000928,2
RSA_aug_28,2010-09-01,-0.008827829457410742,3
RSA_aug_28,2010-10-01,0.002847400524112687,4
RSA_aug_28,2010-11-01,0.001213907929615158,5
RSA_aug_28,2010-12-01,0.02494305673724559,6
RSA_aug_29,2010-01-01,0.021504608052504832,-5
RSA_aug_29,2010-02-01,0.02831860076541532,-4
RSA_aug_29,2010-03-01,0.05530332925328532,-3
RSA_aug_29,2010-04-01,0.06738348376612716,-2
RSA_aug_29,2010-05-01,0.0585277511718769,-1
RSA_aug_29,2010-06-01,0.073206773349269,0
RSA_aug_29,2010-07-01,0.05844607573241458,1
RSA_aug_29,2010-08-01,0.04839562634241262,2
RSA_aug_29,2010-09-01,-0.008438405690693053,3
RSA_aug_29,2010-10-01,0.005623248970855749,4
RSA_aug_29,2010-11-01,0.0031600278553827973,5
RSA_aug_29,2010-12-01,0.02879159568155789,6
RSA_aug_30,2010-01-01,0.017923739984599694,-5
RSA_aug_30,2010-02-01,0.02439527462647221,-4
RSA_aug_30,2010-03-01,0.0558588029091187,-3
RSA_aug_30,2010-04-01,0.07166249666715185,-2
RSA_aug_30,2010-05-01,0.057378647762594576,-1
RSA_aug_30,2010-06-01,0.06579601161559046,0
RSA_aug_30,2010-07-01,0.05667328385540911,1
RSA_aug_30,2010-08-01,0.049142197434904965,2
RSA_aug_30,2010-09-01,-0.007969184619316984,3
RSA_aug_30,2010-10-01,0.006464259975001635,4
RSA_aug_30,2010-11-01,0.0051771083977313025,5
RSA_aug_30,2010-12-01,0.02495674024943514,6
RSA_aug_31,2010-01-01,0.020676826387000885,-5
RSA_aug_31,2010-02-01,0.02892794542782269,-4
RSA_aug_31,2010-03-01,0.055769310336202194,-3
RSA_aug_31,2010-04-01,0.0698305191429078,-2
RSA_aug_31,2010-05-01,0.05057885239263875,-1
RSA_aug_31,2010-06-01,0.06624497992666042,0
RSA_aug_31,2010-07-01,0.04995466144981655,1
RSA_aug_31,2010-08-01,0.04686626660348775,2
RSA_aug_31,2010-09-01,-0.007817147366972331,3
RSA_aug_31,2010-10-01,0.0020627310190633272,4
RSA_aug_31,2010-11-01,-0.002954123593685468,5
RSA_aug_31,2010-12-01,0.018267471662082112,6
RSA_aug_32,2010-01-01,0.024872455964212732,-5
RSA_aug_32,2010-02-01,0.01604336821294551,-4
RSA_aug_32,2010-03-01,0.02788548700143676,-3
RSA_aug_32,2010-04-01,0.05851537340838258,-2
RSA_aug_32,2010-05-01,0.0681243641396771,-1
RSA_aug_32,2010-06-01,0.052525476325906054,0
RSA_aug_32,2010-07-01,0.06985484957495469,1
RSA_aug_32,2010-08-01,0.054155859963573,2
RSA_aug_32,2010-09-01,0.04205968180599391,3
RSA_aug_32,2010-10-01,-0.006836399573411171,4
RSA_aug_32,2010-11-01,0.004304498280032119,5
RSA_aug_32,2010-12-01,-0.0023360441725420143,6
RSA_aug_33,2010-01-01,0.021418149928231867,-5
RSA_aug_33,2010-02-01,0.017919264757749256,-4
RSA_aug_33,2010-03-01,0.028642449847050482,-3
RSA_aug_33,2010-04-01,0.061104019463027945,-2
RSA_aug_33,2010-05-01,0.07486553043275236,-1
RSA_aug_33,2010-06-01,0.06119478527715003,0
RSA_aug_33,2010-07-01,0.07593635391180019,1
RSA_aug_33,2010-08-01,0.06096757349499498,2
RSA_aug_33,2010-09-01,0.04656462470579645,3
RSA_aug_33,2010-10-01,-0.0057796983745664905,4
RSA_aug_33,2010-11-01,0.010038404994879306,5
RSA_aug_33,2010-12-01,0.001304272560810621,6
RSA_aug_34,2010-01-01,0.01975671270888835,-5
RSA_aug_34,2010-02-01,0.020945385950732077,-4
RSA_aug_34,2010-03-01,0.02736149169594842,-3
RSA_aug_34,2010-04-01,0.05436787192206365,-2
RSA_aug_34,2010-05-01,0.07202474216510693,-1
RSA_aug_34,2010-06-01,0.06491026228998431,0
RSA_aug_34,2010-07-01,0.07394030023226358,1
RSA_aug_34,2010-08-01,0.05702604541241563,2
RSA_aug_34,2010-09-01,0.0428554357156638,3
RSA_aug_34,2010-10-01,-0.008827787983196516,4
RSA_aug_34,2010-11-01,0.005163082692374699,5
RSA_aug_34,2010-12-01,0.002303377650988174,6
RSA_aug_35,2010-01-01,0.02078865616621658,-5
RSA_aug_35,2010-02-01,0.018749828080436584,-4
RSA_aug_35,2010-03-01,0.02289905204265221,-3
RSA_aug_35,2010-04-01,0.056585179184692365,-2
RSA_aug_35,2010-05-01,0.07291980386414625,-1
RSA_aug_35,2010-06-01,0.05440267364338744,0
RSA_aug_35,2010-07-01,0.07087017185004738,1
RSA_aug_35,2010-08-01,0.05920686670595107,2
RSA_aug_35,2010-09-01,0.05279818688125101,3
RSA_aug_35,2010-10-01,-0.006731201274646721,4
RSA_aug_35,2010-11-01,-0.0005230805967660177,5
RSA_aug_35,2010-12-01,-0.003319395671051015,6
RSA_aug_36,2010-01-01,0.032873659423973425,-5
RSA_aug_36,2010-02-01,0.07258307444945752,-4
RSA_aug_36,2010-03-01,0.0881725292072681,-3
RSA_aug_36,2010-04-01,0.0697605101698535,-2
RSA_aug_36,2010-05-01,0.07765672857485846,-1
RSA_aug_36,2010-06-01,0.06764546333854089,0
RSA_aug_36,2010-07-01,0.05259563594390223,1
RSA_aug_36,2010-08-01,-0.003336885338464642,2
RSA_aug_36,2010-09-01,0.005926694846602357,3
RSA_aug_36,2010-10-01,0.006324836051437859,4
RSA_aug_36,2010-11-01,0.030712566770863196,5
RSA_aug_36,2010-12-01,0.02763003940054639,6
RSA_aug_37,2010-01-01,0.029500031850318516,-5
RSA_aug_37,2010-02-01,0.06325742921211065,-4
RSA_aug_37,2010-03-01,0.08097602703739712,-3
RSA_aug_37,2010-04-01,0.06597007752009075,-2
RSA_aug_37,2010-05-01,0.07653192300643702,-1
RSA_aug_37,2010-06-01,0.06228185979011447,0
RSA_aug_37,2010-07-01,0.05242712613356373,1
RSA_aug_37,2010-08-01,-0.015850710409808056,2
RSA_aug_37,2010-09-01,-4.921707476026379e-05,3
RSA_aug_37,2010-10-01,-0.006182350777772859,4
RSA_aug_37,2010-11-01,0.01624314513773598,5
RSA_aug_37,2010-12-01,0.012769711859485323,6
RSA_aug_38,2010-01-01,0.02529365732370888,-5
RSA_aug_38,2010-02-01,0.05707650214476245,-4
RSA_aug_38,2010-03-01,0.07306017639729309,-3
RSA_aug_38,2010-04-01,0.06683157501466379,-2
RSA_aug_38,2010-05-01,0.07733624771079295,-1
RSA_aug_38,2010-06-01,0.06395678548631749,0
RSA_aug_38,2010-07-01,0.05461741967516419,1
RSA_aug_38,2010-08-01,-0.006917504540233146,2
RSA_aug_38,2010-09-01,0.004198545027194166,3
RSA_aug_38,2010-10-01,-0.00403344259102993,4
RSA_aug_38,2010-11-01,0.026285348074712948,5
RSA_aug_38,2010-12-01,0.031065460871902102,6
RSA_aug_39,2010-01-01,0.025660775770765178,-5
RSA_aug_39,2010-02-01,0.05841753712445779,-4
RSA_aug_39,2010-03-01,0.07537978811022306,-3
RSA_aug_39,2010-04-01,0.058763611770992735,-2
RSA_aug_39,2010-05-01,0.07530890914443582,-1
RSA_aug_39,2010-06-01,0.05960134614620284,0
RSA_aug_39,2010-07-01,0.05750836312783717,1
RSA_aug_39,2010-08-01,-0.0014740384351569881,2
RSA_aug_39,2010-09-01,0.00882128518366167,3
RSA_aug_39,2010-10-01,0.006413912235437034,4
RSA_aug_39,2010-11-01,0.03218172767691807,5
RSA_aug_39,2010-12-01,0.027210231894252746,6
RSA_aug_40,2010-01-01,0.02078793777005712,-5
RSA_aug_40,2010-02-01,0.029658152489358082,-4
RSA_aug_40,2010-03-01,0.06733280780247124,-3
RSA_aug_40,2010-04-01,0.08276566692620344,-2
RSA_aug_40,2010-05-01,0.061715795840049444,-1
RSA_aug_40,2010-06-01,0.072977313223165,0
RSA_aug_40,2010-07-01,0.06019074305834322,1
RSA_aug_40,2010-08-01,0.05050992926255318,2
RSA_aug_40,2010-09-01,-0.0036057854224655003,3
RSA_aug_40,2010-10-01,0.0021098656958245497,4
RSA_aug_40,2010-11-01,0.00017369855874977433,5
RSA_aug_40,2010-12-01,0.02924441134146057,6
RSA_aug_41,2010-01-01,0.030978540556413203,-5
RSA_aug_41,2010-02-01,0.03492778649591486,-4
RSA_aug_41,2010-03-01,0.06965947357613039,-3
RSA_aug_41,2010-04-01,0.08575390521857726,-2
RSA_aug_41,2010-05-01,0.06957796248836441,-1
RSA_aug_41,2010-06-01,0.08059502356354539,0
RSA_aug_41,2010-07-01,0.0670034555937605,1
RSA_aug_41,2010-08-01,0.04698977114294025,2
RSA_aug_41,2010-09-01,-0.010235318604966848,3
RSA_aug_41,2010-10-01,0.002636407991571328,4
RSA_aug_41,2010-11-01,-0.0018746532210289083,5
RSA_aug_41,2010-12-01,0.02970588468692411,6
RSA_aug_42,2010-01-01,0.021254231978171886,-5
RSA_aug_42,2010-02-01,0.028383923273432456,-4
RSA_aug_42,2010-03-01,0.07020396125728928,-3
RSA_aug_42,2010-04-01,0.08149395375629767,-2
RSA_aug_42,2010-05-01,0.06424858140044959,-1
RSA_aug_42,2010-06-01,0.07684727173613456,0
RSA_aug_42,2010-07-01,0.06581564329042276,1
RSA_aug_42,2010-08-01,0.055233229116004784,2
RSA_aug_42,2010-09-01,-0.01120160534047359,3
RSA_aug_42,2010-10-01,-0.00018709797713089074,4
RSA_aug_42,2010-11-01,-0.005046230609825712,5
RSA_aug_42,2010-12-01,0.020559815023836907,6
RSA_aug_43,2010-01-01,0.024887262386935866,-5
RSA_aug_43,2010-02-01,0.03354093529334981,-4
RSA_aug_43,2010-03-01,0.06124207388146531,-3
RSA_aug_43,2010-04-01,0.08171674078482687,-2
RSA_aug_43,2010-05-01,0.06704779935078686,-1
RSA_aug_43,2010-06-01,0.08378701449364959,0
RSA_aug_43,2010-07-01,0.0691800404543461,1
RSA_aug_43,2010-08-01,0.060447765141566134,2
RSA_aug_43,2010-09-01,-0.0018841989321114801,3
RSA_aug_43,2010-10-01,0.012286616999420283,4
RSA_aug_43,2010-11-01,0.00708158181670582,5
RSA_aug_43,2010-12-01,0.028658228572029654,6
RSA_aug_44,2010-01-01,0.031380852777417964,-5
RSA_aug_44,2010-02-01,0.03146639479533026,-4
RSA_aug_44,2010-03-01,0.038484581732591255,-3
RSA_aug_44,2010-04-01,0.06622030678865337,-2
RSA_aug_44,2010-05-01,0.07730560681817042,-1
RSA_aug_44,2010-06-01,0.06420989921218855,0
RSA_aug_44,2010-07-01,0.07778675083106995,1
RSA_aug_44,2010-08-01,0.06164663484369362,2
RSA_aug_44,2010-09-01,0.052205338832568816,3
RSA_aug_44,2010-10-01,-0.0037312005657531584,4
RSA_aug_44,2010-11-01,0.008894878611519597,5
RSA_aug_44,2010-12-01,-0.0006918276443630891,6
RSA_aug_45,2010-01-01,0.02351283403137381,-5
RSA_aug_45,2010-02-01,0.02057724595695914,-4
RSA_aug_45,2010-03-01,0.02797879710305419,-3
RSA_aug_45,2010-04-01,0.061993082915781615,-2
RSA_aug_45,2010-05-01,0.07713457502969691,-1
RSA_aug_45,2010-06-01,0.05898616823032403,0
RSA_aug_45,2010-07-01,0.07336756190466254,1
RSA_aug_45,2010-08-01,0.058847431598191564,2
RSA_aug_45,2010-09-01,0.04018667327691086,3
RSA_aug_45,2010-10-01,-0.010291881021195697,4
RSA_aug_45,2010-11-01,0.005775278179637832,5
RSA_aug_45,2010-12-01,-0.0002686684311333361,6
RSA_aug_46,2010-01-01,0.023942970969594746,-5
RSA_aug_46,2010-02-01,0.01965667009704621,-4
RSA_aug_46,2010-03-01,0.03423506670583845,-3
RSA_aug_46,2010-04-01,0.07383293315614024,-2
RSA_aug_46,2010-05-01,0.08720096528315238,-1
RSA_aug_46,2010-06-01,0.07328530465811388,0
RSA_aug_46,2010-07-01,0.08399625127410075,1
RSA_aug_46,2010-08-01,0.06344313857297756,2
RSA_aug_46,2010-09-01,0.05159058829026273,3
RSA_aug_46,2010-10-01,-0.0089528863831777,4
RSA_aug_46,2010-11-01,0.0015833419999287893,5
RSA_aug_46,2010-12-01,-0.0025711613808263633,6
RSA_aug_47,2010-01-01,0.023579203098966953,-5
RSA_aug_47,2010-02-01,0.023011733644484177,-4
RSA_aug_47,2010-03-01,0.031070198070352367,-3
RSA_aug_47,2010-04-01,0.06193945484116366,-2
RSA_aug_47,2010-05-01,0.07630843878798094,-1
RSA_aug_47,2010-06-01,0.05833266493024463,0
RSA_aug_47,2010-07-01,0.07657601898957359,1
RSA_aug_47,2010-08-01,0.055908684320000235,2
RSA_aug_47,2010-09-01,0.051683508765717326,3
RSA_aug_47,2010-10-01,-0.004750195360271389,4
RSA_aug_47,2010-11-01,0.004916255932476398,5
RSA_aug_47,2010-12-01,-0.008196621782649238,6
RSA_aug_48,2010-01-01,0.028086774219622405,-5
RSA_aug_48,2010-02-01,0.06036340341098589,-4
RSA_aug_48,2010-03-01,0.07211061500964012,-3
RSA_aug_48,2010-04-01,0.0574336807135665,-2
RSA_aug_48,2010-05-01,0.0752724090890393,-1
RSA_aug_48,2010-06-01,0.06330560073046039,0
RSA_aug_48,2010-07-01,0.04934315913212205,1
RSA_aug_48,2010-08-01,-0.012990348167738003,2
RSA_aug_48,2010-09-01,-0.0012322837115764308,3
RSA_aug_48,2010-10-01,-0.004216681723133125,4
RSA_aug_48,2010-11-01,0.021344802928893687,5
RSA_aug_48,2010-12-01,0.019644151184598807,6
RSA_aug_49,2010-01-01,0.030781748355918105,-5
RSA_aug_49,2010-02-01,0.06835151699763695,-4
RSA_aug_49,2010-03-01,0.08312815113373037,-3
RSA_aug_49,2010-04-01,0.06629510407423722,-2
RSA_aug_49,2010-05-01,0.07594928373799543,-1
RSA_aug_49,2010-06-01,0.060607006209615406,0
RSA_aug_49,2010-07-01,0.054026197639787235,1
RSA_aug_49,2010-08-01,-0.00684090086704736,2
RSA_aug_49,2010-09-01,0.004058039921033735,3
RSA_aug_49,2010-10-01,0.00016292800635766782,4
RSA_aug_49,2010-11-01,0.021212504564724444,5
RSA_aug_49,2010-12-01,0.016970200360668375,6
RSA_aug_50,2010-01-01,0.03019963986443264,-5
RSA_aug_50,2010-02-01,0.06179599946635756,-4
RSA_aug_50,2010-03-01,0.07774032043084343,-3
RSA_aug_50,2010-04-01,0.06116789424941752,-2
RSA_aug_50,2010-05-01,0.07683172734761115,-1
RSA_aug_50,2010-06-01,0.05959531866346592,0
RSA_aug_50,2010-07-01,0.05498574102830572,1
RSA_aug_50,2010-08-01,-0.009653975982647126,2
RSA_aug_50,2010-09-01,0.0033665558650799836,3
RSA_aug_50,2010-10-01,0.0010071942419458166,4
RSA_aug_50,2010-11-01,0.02087394067926145,5
RSA_aug_50,2010-12-01,0.022290375271615398,6
RSA_aug_51,2010-01-01,0.033153159396030835,-5
RSA_aug_51,2010-02-01,0.05712835628203638,-4
RSA_aug_51,2010-03-01,0.07460492209438127,-3
RSA_aug_51,2010-04-01,0.05300568650269957,-2
RSA_aug_51,2010-05-01,0.0645841926565781,-1
RSA_aug_51,2010-06-01,0.05908557252869909,0
RSA_aug_51,2010-07-01,0.04755985389085843,1
RSA_aug_51,2010-08-01,-0.012882886062556234,2
RSA_aug_51,2010-09-01,-0.0007613613193017533,3
RSA_aug_51,2010-10-01,0.003144591757815311,4
RSA_aug_51,2010-11-01,0.019113995048365383,5
RSA_aug_51,2010-12-01,0.01654872262586283,6
RSA_aug_52,2010-01-01,0.026591932652486407,-5
RSA_aug_52,2010-02-01,0.03805190019042931,-4
RSA_aug_52,2010-03-01,0.06695260818374205,-3
RSA_aug_52,2010-04-01,0.0758423024272903,-2
RSA_aug_52,2010-05-01,0.06800872175187582,-1
RSA_aug_52,2010-06-01,0.08259188184480971,0
RSA_aug_52,2010-07-01,0.06827772867125195,1
RSA_aug_52,2010-08-01,0.053037647894419296,2
RSA_aug_52,2010-09-01,-0.005721010881502673,3
RSA_aug_52,2010-10-01,0.004177381880539587,4
RSA_aug_52,2010-11-01,0.0011067766082481112,5
RSA_aug_52,2010-12-01,0.027877692425681284,6
RSA_aug_53,2010-01-01,0.024683690063493958,-5
RSA_aug_53,2010-02-01,0.027704278298481967,-4
RSA_aug_53,2010-03-01,0.06455422224654148,-3
RSA_aug_53,2010-04-01,0.07901993820952749,-2
RSA_aug_53,2010-05-01,0.06579862074003646,-1
RSA_aug_53,2010-06-01,0.08070870689758813,0
RSA_aug_53,2010-07-01,0.06148101543413747,1
RSA_aug_53,2010-08-01,0.05085866304619338,2
RSA_aug_53,2010-09-01,-0.008677894663908767,3
RSA_aug_53,2010-10-01,-0.002159678628897529,4
RSA_aug_53,2010-11-01,-0.0031115517618684465,5
RSA_aug_53,2010-12-01,0.02831179820319458,6
RSA_aug_54,2010-01-01,0.016286711387780616,-5
RSA_aug_54,2010-02-01,0.025276799901423348,-4
RSA_aug_54,2010-03-01,0.06064718725505078,-3
RSA_aug_54,2010-04-01,0.07580216185244222,-2
RSA_aug_54,2010-05-01,0.061161054501075854,-1
RSA_aug_54,2010-06-01,0.06904600623893604,0
RSA_aug_54,2010-07-01,0.05777850189484493,1
RSA_aug_54,2010-08-01,0.04613939791052253,2
RSA_aug_54,2010-09-01,-0.01697663295209654,3
RSA_aug_54,2010-10-01,0.000781674072545199,4
RSA_aug_54,2010-11-01,0.0007577876623269884,5
RSA_aug_54,2010-12-01,0.02332194697429007,6
RSA_aug_55,2010-01-01,0.022675629265469947,-5
RSA_aug_55,2010-02-01,0.03299585753447504,-4
RSA_aug_55,2010-03-01,0.06455999149321626,-3
RSA_aug_55,2010-04-01,0.08084829887363261,-2
RSA_aug_55,2010-05-01,0.06398982842655243,-1
RSA_aug_55,2010-06-01,0.0790134636669159,0
RSA_aug_55,2010-07-01,0.06476217400568793,1
RSA_aug_55,2010-08-01,0.053777945461392286,2
RSA_aug_55,2010-09-01,-0.0089926813222372,3
RSA_aug_55,2010-10-01,0.003355457551811226,4
RSA_aug_55,2010-11-01,-0.0030370911533765177,5
RSA_aug_55,2010-12-01,0.01863618650597223,6
RSA_aug_56,2010-01-01,0.01982402259138158,-5
RSA_aug_56,2010-02-01,0.0169807620992391,-4
RSA_aug_56,2010-03-01,0.0324044899785178,-3
RSA_aug_56,2010-04-01,0.06757985205162889,-2
RSA_aug_56,2010-05-01,0.08602001591526826,-1
RSA_aug_56,2010-06-01,0.06461500093306265,0
RSA_aug_56,2010-07-01,0.07560344726979987,1
RSA_aug_56,2010-08-01,0.05748146236665341,2
RSA_aug_56,2010-09-01,0.04612793824580169,3
RSA_aug_56,2010-10-01,-0.01305743169453963,4
RSA_aug_56,2010-11-01,0.0035597349155519703,5
RSA_aug_56,2010-12-01,-0.0015541454394166982,6
RSA_aug_57,2010-01-01,0.02564048906514517,-5
RSA_aug_57,2010-02-01,0.026055050293976915,-4
RSA_aug_57,2010-03-01,0.03906728747264977,-3
RSA_aug_57,2010-04-01,0.06338764432203324,-2
RSA_aug_57,2010-05-01,0.08115565411314568,-1
RSA_aug_57,2010-06-01,0.06865519591151029,0
RSA_aug_57,2010-07-01,0.07509855270458356,1
RSA_aug_57,2010-08-01,0.06424515740168328,2
RSA_aug_57,2010-09-01,0.053868533455318494,3
RSA_aug_57,2010-10-01,-0.00571249341496793,4
RSA_aug_57,2010-11-01,0.0021341969635098835,5
RSA_aug_57,2010-12-01,-0.003511039626984728,6
RSA_aug_58,2010-01-01,0.028670857065274728,-5
RSA_aug_58,2010-02-01,0.026232426649518623,-4
RSA_aug_58,2010-03-01,0.034488770869981374,-3
RSA_aug_58,2010-04-01,0.06243054858778633,-2
RSA_aug_58,2010-05-01,0.0742150757500464,-1
RSA_aug_58,2010-06-01,0.0637824787235177,0
RSA_aug_58,2010-07-01,0.07065574364121165,1
RSA_aug_58,2010-08-01,0.05686164849164602,2
RSA_aug_58,2010-09-01,0.04796372560983563,3
RSA_aug_58,2010-10-01,-0.008642452224663012,4
RSA_aug_58,2010-11-01,0.0021522783217759922,5
RSA_aug_58,2010-12-01,-5.6299084388852295e-05,6
RSA_aug_59,2010-01-01,0.024480985655798378,-5
RSA_aug_59,2010-02-01,0.025677251609465046,-4
RSA_aug_59,2010-03-01,0.028656077395655517,-3
RSA_aug_59,2010-04-01,0.06006756103206678,-2
RSA_aug_59,2010-05-01,0.07872088760537119,-1
RSA_aug_59,2010-06-01,0.06623819255675693,0
RSA_aug_59,2010-07-01,0.07223749818509384,1
RSA_aug_59,2010-08-01,0.060294100212253524,2
RSA_aug_59,2010-09-01,0.04406186595393174,3
RSA_aug_59,2010-10-01,-0.01146887856559997,4
RSA_aug_59,2010-11-01,0.006661716571889555,5
RSA_aug_59,2010-12-01,-0.0011686797051431211,6
RSA_aug_60,2010-01-01,0.024997330387342795,-5
RSA_aug_60,2010-02-01,0.05814802904122769,-4
RSA_aug_60,2010-03-01,0.06715125547614907,-3
RSA_aug_60,2010-04-01,0.053210427781971034,-2
RSA_aug_60,2010-05-01,0.06748283099517285,-1
RSA_aug_60,2010-06-01,0.05352209539418101,0
RSA_aug_60,2010-07-01,0.044340425834342674,1
RSA_aug_60,2010-08-01,-0.006743297989312142,2
RSA_aug_60,2010-09-01,0.004684572634532116,3
RSA_aug_60,2010-10-01,0.001367075669370867,4
RSA_aug_60,2010-11-01,0.021203873452199686,5
RSA_aug_60,2010-12-01,0.02185130524509716,6
RSA_aug_61,2010-01-01,0.02705719030084613,-5
RSA_aug_61,2010-02-01,0.058647429382141625,-4
RSA_aug_61,2010-03-01,0.07051931255766947,-3
RSA_aug_61,2010-04-01,0.056783433860341744,-2
RSA_aug_61,2010-05-01,0.06529019292800067,-1
RSA_aug_61,2010-06-01,0.05378278930831509,0
RSA_aug_61,2010-07-01,0.042849073808565,1
RSA_aug_61,2010-08-01,-0.013134200148035454,2
RSA_aug_61,2010-09-01,-9.114978445075913e-05,3
RSA_aug_61,2010-10-01,-0.0020055976230849695,4
RSA_aug_61,2010-11-01,0.022185201504486628,5
RSA_aug_61,2010-12-01,0.02018963835678133,6
RSA_aug_62,2010-01-01,0.02859873060714307,-5
RSA_aug_62,2010-02-01,0.05995504800121422,-4
RSA_aug_62,2010-03-01,0.07412966375640982,-3
RSA_aug_62,2010-04-01,0.05735042352998309,-2
RSA_aug_62,2010-05-01,0.06897466190300049,-1
RSA_aug_62,2010-06-01,0.05742091366423812,0
RSA_aug_62,2010-07-01,0.047670678918041734,1
RSA_aug_62,2010-08-01,-0.012706277544630265,2
RSA_aug_62,2010-09-01,-8.757189002701806e-05,3
RSA_aug_62,2010-10-01,0.0037938081822974546,4
RSA_aug_62,2010-11-01,0.022777369775420126,5
RSA_aug_62,2010-12-01,0.01972759354034523,6
RSA_aug_63,2010-01-01,0.028498129792161833,-5
RSA_aug_63,2010-02-01,0.05919617446969883,-4
RSA_aug_63,2010-03-01,0.07578683904136405,-3
RSA_aug_63,2010-04-01,0.05721344042793845,-2
RSA_aug_63,2010-05-01,0.07056956991560795,-1
RSA_aug_63,2010-06-01,0.05915084999733913,0
RSA_aug_63,2010-07-01,0.04840273238872791,1
RSA_aug_63,2010-08-01,-0.005183251986502499,2
RSA_aug_63,2010-09-01,0.007497301619691378,3
RSA_aug_63,2010-10-01,0.005016346381098882,4
RSA_aug_63,2010-11-01,0.021330908128892993,5
RSA_aug_63,2010-12-01,0.023241590511936534,6
RSA_aug_64,2010-01-01,0.020436832724049492,-5
RSA_aug_64,2010-02-01,0.02750084104291628,-4
RSA_aug_64,2010-03-01,0.05783127432538162,-3
RSA_aug_64,2010-04-01,0.0709747066767431,-2
RSA_aug_64,2010-05-01,0.0610738441347679,-1
RSA_aug_64,2010-06-01,0.07080630885137981,0
RSA_aug_64,2010-07-01,0.05435340981512093,1
RSA_aug_64,2010-08-01,0.0444434876170114,2
RSA_aug_64,2010-09-01,-0.008313143247890026,3
RSA_aug_64,2010-10-01,0.005968729667030604,4
RSA_aug_64,2010-11-01,0.0032066084949224556,5
RSA_aug_64,2010-12-01,0.020960106825153348,6
RSA_aug_65,2010-01-01,0.0278284226005605,-5
RSA_aug_65,2010-02-01,0.03303452612727156,-4
RSA_aug_65,2010-03-01,0.06504250697996442,-3
RSA_aug_65,2010-04-01,0.07582639271080838,-2
RSA_aug_65,2010-05-01,0.06243248676731213,-1
RSA_aug_65,2010-06-01,0.07439733500521602,0
RSA_aug_65,2010-07-01,0.06354820570666316,1
RSA_aug_65,2010-08-01,0.054841009824470356,2
RSA_aug_65,2010-09-01,0.000698739643959099,3
RSA_aug_65,2010-10-01,0.0075605934161686265,4
RSA_aug_65,2010-11-01,0.0008729198712561808,5
RSA_aug_65,2010-12-01,0.022818326129574188,6
RSA_aug_66,2010-01-01,0.023329304498013945,-5
RSA_aug_66,2010-02-01,0.02859172395229174,-4
RSA_aug_66,2010-03-01,0.06144139870856183,-3
RSA_aug_66,2010-04-01,0.07805208913948268,-2
RSA_aug_66,2010-05-01,0.059728908152953994,-1
RSA_aug_66,2010-06-01,0.06771726152338464,0
RSA_aug_66,2010-07-01,0.05511170688657477,1
RSA_aug_66,2010-08-01,0.046986587630360885,2
RSA_aug_66,2010-09-01,-0.008639268019761717,3
RSA_aug_66,2010-10-01,0.006105638840011714,4
RSA_aug_66,2010-11-01,0.0027798353775235736,5
RSA_aug_66,2010-12-01,0.02325260476246429,6
RSA_aug_67,2010-01-01,0.016461936439450923,-5
RSA_aug_67,2010-02-01,0.020798661509577522,-4
RSA_aug_67,2010-03-01,0.053920519042006246,-3
RSA_aug_67,2010-04-01,0.06259480889893743,-2
RSA_aug_67,2010-05-01,0.05491184007877446,-1
RSA_aug_67,2010-06-01,0.06644111965464045,0
RSA_aug_67,2010-07-01,0.06406036913943922,1
RSA_aug_67,2010-08-01,0.05881098347588508,2
RSA_aug_67,2010-09-01,0.00031775885692383876,3
RSA_aug_67,2010-10-01,0.007909169725559965,4
RSA_aug_67,2010-11-01,0.00565101704088122,5
RSA_aug_67,2010-12-01,0.030008830596156624,6
RSA_aug_68,2010-01-01,0.01622653269119494,-5
RSA_aug_68,2010-02-01,0.012248547831778783,-4
RSA_aug_68,2010-03-01,0.019972552674928902,-3
RSA_aug_68,2010-04-01,0.05423887829220659,-2
RSA_aug_68,2010-05-01,0.07043149537551116,-1
RSA_aug_68,2010-06-01,0.06035458432531097,0
RSA_aug_68,2010-07-01,0.06708696607647098,1
RSA_aug_68,2010-08-01,0.04838015369623888,2
RSA_aug_68,2010-09-01,0.044049150544286896,3
RSA_aug_68,2010-10-01,-0.01149746116632605,4
RSA_aug_68,2010-11-01,-0.005589992132634992,5
RSA_aug_68,2010-12-01,-0.005904626770502867,6
RSA_aug_69,2010-01-01,0.02327411093176362,-5
RSA_aug_69,2010-02-01,0.021818823811856156,-4
RSA_aug_69,2010-03-01,0.026892997336062128,-3
RSA_aug_69,2010-04-01,0.05674781731932823,-2
RSA_aug_69,2010-05-01,0.0696063995330826,-1
RSA_aug_69,2010-06-01,0.052790201006239885,0
RSA_aug_69,2010-07-01,0.06339917472755617,1
RSA_aug_69,2010-08-01,0.054121968626275725,2
RSA_aug_69,2010-09-01,0.04636088476091315,3
RSA_aug_69,2010-10-01,-0.007052821123324842,4
RSA_aug_69,2010-11-01,0.0003694284039248196,5
RSA_aug_69,2010-12-01,-0.0028382819266353433,6
RSA_aug_70,2010-01-01,0.014663974739711092,-5
RSA_aug_70,2010-02-01,0.016892056281468046,-4
RSA_aug_70,2010-03-01,0.029044560471368126,-3
RSA_aug_70,2010-04-01,0.054385396276973044,-2
RSA_aug_70,2010-05-01,0.06739133354437499,-1
RSA_aug_70,2010-06-01,0.05616033904180996,0
RSA_aug_70,2010-07-01,0.07137204053179995,1
RSA_aug_70,2010-08-01,0.056680393593765345,2
RSA_aug_70,2010-09-01,0.045144517464891065,3
RSA_aug_70,2010-10-01,-0.014066595101084663,4
RSA_aug_70,2010-11-01,-0.0011689731805499416,5
RSA_aug_70,2010-12-01,0.0025714913544324924,6
RSA_aug_71,2010-01-01,0.021778859548121202,-5
RSA_aug_71,2010-02-01,0.021101177721566316,-4
RSA_aug_71,2010-03-01,0.028670607396722596,-3
RSA_aug_71,2010-04-01,0.05837464296005108,-2
RSA_aug_71,2010-05-01,0.06941936192627432,-1
RSA_aug_71,2010-06-01,0.058958496789721974,0
RSA_aug_71,2010-07-01,0.07027898048567503,1
RSA_aug_71,2010-08-01,0.05729471217739004,2
RSA_aug_71,2010-09-01,0.04473749570028496,3
RSA_aug_71,2010-10-01,-0.004854552542320565,4
RSA_aug_71,2010-11-01,0.006661292285957526,5
RSA_aug_71,2010-12-01,0.0003219125574037018,6
RSA_aug_72,2010-01-01,0.03741876233176214,-5
RSA_aug_72,2010-02-01,0.07167219661340588,-4
RSA_aug_72,2010-03-01,0.08553449958822591,-3
RSA_aug_72,2010-04-01,0.06700639164140061,-2
RSA_aug_72,2010-05-01,0.07571368355912811,-1
RSA_aug_72,2010-06-01,0.06491251645643768,0
RSA_aug_72,2010-07-01,0.04824697797415514,1
RSA_aug_72,2010-08-01,-0.019739268852639394,2
RSA_aug_72,2010-09-01,-0.010840289193196209,3
RSA_aug_72,2010-10-01,-0.010768119305976527,4
RSA_aug_72,2010-11-01,0.018456551929383877,5
RSA_aug_72,2010-12-01,0.01928168627018563,6
RSA_aug_73,2010-01-01,0.030104919607471525,-5
RSA_aug_73,2010-02-01,0.06433354471182462,-4
RSA_aug_73,2010-03-01,0.08505164181880631,-3
RSA_aug_73,2010-04-01,0.06742947903139351,-2
RSA_aug_73,2010-05-01,0.0834663472700046,-1
RSA_aug_73,2010-06-01,0.06527914550129542,0
RSA_aug_73,2010-07-01,0.05569252675302303,1
RSA_aug_73,2010-08-01,-0.005668306094102542,2
RSA_aug_73,2010-09-01,0.008157331050727995,3
RSA_aug_73,2010-10-01,0.0008571392607128595,4
RSA_aug_73,2010-11-01,0.02774275104033675,5
RSA_aug_73,2010-12-01,0.0258426692232167,6
RSA_aug_74,2010-01-01,0.03386292887250641,-5
RSA_aug_74,2010-02-01,0.0698929295411925,-4
RSA_aug_74,2010-03-01,0.08654607005398199,-3
RSA_aug_74,2010-04-01,0.0711641685613982,-2
RSA_aug_74,2010-05-01,0.0812957313295773,-1
RSA_aug_74,2010-06-01,0.06335015174654635,0
RSA_aug_74,2010-07-01,0.04877830985868009,1
RSA_aug_74,2010-08-01,-0.02071168751073197,2
RSA_aug_74,2010-09-01,-0.008424519261793386,3
RSA_aug_74,2010-10-01,-0.008262980302469379,4
RSA_aug_74,2010-11-01,0.017487307156770906,5
RSA_aug_74,2010-12-01,0.021635217697778646,6
RSA_aug_75,2010-01-01,0.03395892585089471,-5
RSA_aug_75,2010-02-01,0.06408012832969076,-4
RSA_aug_75,2010-03-01,0.08556288575807279,-3
RSA_aug_75,2010-04-01,0.07264397090217337,-2
RSA_aug_75,2010-05-01,0.08229040825185174,-1
RSA_aug_75,2010-06-01,0.06915749096738623,0
RSA_aug_75,2010-07-01,0.05459228412740969,1
RSA_aug_75,2010-08-01,-0.010722252394600807,2
RSA_aug_75,2010-09-01,-0.0018666759926247705,3
RSA_aug_75,2010-10-01,-0.010832321255759092,4
RSA_aug_75,2010-11-01,0.017581562952390564,5
RSA_aug_75,2010-12-01,0.019418594593580724,6
RSA_aug_76,2010-01-01,0.024030429466767006,-5
RSA_aug_76,2010-02-01,0.028640846162361296,-4
RSA_aug_76,2010-03-01,0.06611068102167592,-3
RSA_aug_76,2010-04-01,0.08555046208289056,-2
RSA_aug_76,2010-05-01,0.0695743710831202,-1
RSA_aug_76,2010-06-01,0.0844318160575587,0
RSA_aug_76,2010-07-01,0.06669891905087759,1
RSA_aug_76,2010-08-01,0.06019264932335479,2
RSA_aug_76,2010-09-01,-0.011508209672527595,3
RSA_aug_76,2010-10-01,0.0038720541484410483,4
RSA_aug_76,2010-11-01,0.003675108883193036,5
RSA_aug_76,2010-12-01,0.030440654170787278,6
RSA_aug_77,2010-01-01,0.024728597442678024,-5
RSA_aug_77,2010-02-01,0.03145686777762915,-4
RSA_aug_77,2010-03-01,0.07314419108659309,-3
RSA_aug_77,2010-04-01,0.08423264877943401,-2
RSA_aug_77,2010-05-01,0.06537696114792473,-1
RSA_aug_77,2010-06-01,0.07953017586687038,0
RSA_aug_77,2010-07-01,0.07022325404451533,1
RSA_aug_77,2010-08-01,0.05973269198849056,2
RSA_aug_77,2010-09-01,-0.011073363376946876,3
RSA_aug_77,2010-10-01,0.0013105041655743963,4
RSA_aug_77,2010-11-01,-0.0044757559166314935,5
RSA_aug_77,2010-12-01,0.020692251976017186,6
RSA_aug_78,2010-01-01,0.028955100988815916,-5
RSA_aug_78,2010-02-01,0.03128551567608347,-4
RSA_aug_78,2010-03-01,0.07507761265094773,-3
RSA_aug_78,2010-04-01,0.0935882664024422,-2
RSA_aug_78,2010-05-01,0.07905008362144544,-1
RSA_aug_78,2010-06-01,0.0885035779816837,0
RSA_aug_78,2010-07-01,0.07130171356518779,1
RSA_aug_78,2010-08-01,0.05397320000060977,2
RSA_aug_78,2010-09-01,-0.013365528978780766,3
RSA_aug_78,2010-10-01,0.0026431624128077833,4
RSA_aug_78,2010-11-01,0.0032560387760767794,5
RSA_aug_78,2010-12-01,0.024477161270992462,6
RSA_aug_79,2010-01-01,0.024145530964770033,-5
RSA_aug_79,2010-02-01,0.03241294666028878,-4
RSA_aug_79,2010-03-01,0.06508797167879835,-3
RSA_aug_79,2010-04-01,0.08601393151604235,-2
RSA_aug_79,2010-05-01,0.0674569973063298,-1
RSA_aug_79,2010-06-01,0.08165409869676533,0
RSA_aug_79,2010-07-01,0.0656089273156844,1
RSA_aug_79,2010-08-01,0.052442990634048975,2
RSA_aug_79,2010-09-01,-0.012544177860461674,3
RSA_aug_79,2010-10-01,0.0006588587875721152,4
RSA_aug_79,2010-11-01,-0.0040471469480114425,5
RSA_aug_79,2010-12-01,0.02091407048674928,6
RSA_aug_80,2010-01-01,0.027028788611371472,-5
RSA_aug_80,2010-02-01,0.032138684682910604,-4
RSA_aug_80,2010-03-01,0.03883715220497437,-3
RSA_aug_80,2010-04-01,0.07797098932543291,-2
RSA_aug_80,2010-05-01,0.08760012646477608,-1
RSA_aug_80,2010-06-01,0.07167958438662121,0
RSA_aug_80,2010-07-01,0.08127071168978392,1
RSA_aug_80,2010-08-01,0.06168391308485126,2
RSA_aug_80,2010-09-01,0.04997869357134276,3
RSA_aug_80,2010-10-01,-0.009914384885649441,4
RSA_aug_80,2010-11-01,0.00659974828325878,5
RSA_aug_80,2010-12-01,0.0021530404862165247,6
RSA_aug_81,2010-01-01,0.020402459546177743,-5
RSA_aug_81,2010-02-01,0.02105859666977869,-4
RSA_aug_81,2010-03-01,0.031954847854198186,-3
RSA_aug_81,2010-04-01,0.07040090487624978,-2
RSA_aug_81,2010-05-01,0.08087987784791359,-1
RSA_aug_81,2010-06-01,0.0634047554122347,0
RSA_aug_81,2010-07-01,0.07939514135146532,1
RSA_aug_81,2010-08-01,0.06762320048340784,2
RSA_aug_81,2010-09-01,0.048766592627990026,3
RSA_aug_81,2010-10-01,-0.01557461158957355,4
RSA_aug_81,2010-11-01,-9.869742259127796e-05,5
RSA_aug_81,2010-12-01,-0.00018747152501654807,6
RSA_aug_82,2010-01-01,0.028364385759304816,-5
RSA_aug_82,2010-02-01,0.029206395637772286,-4
RSA_aug_82,2010-03-01,0.033500356080048706,-3
RSA_aug_82,2010-04-01,0.06398777929442846,-2
RSA_aug_82,2010-05-01,0.08175138150238863,-1
RSA_aug_82,2010-06-01,0.07076005789566915,0
RSA_aug_82,2010-07-01,0.0895624240864613,1
RSA_aug_82,2010-08-01,0.07509312615841078,2
RSA_aug_82,2010-09-01,0.06318934922504789,3
RSA_aug_82,2010-10-01,-0.003924355115943625,4
RSA_aug_82,2010-11-01,0.005245166405725711,5
RSA_aug_82,2010-12-01,-9.375629825548586e-05,6
RSA_aug_83,2010-01-01,0.03185678045041358,-5
RSA_aug_83,2010-02-01,0.026101984727712843,-4
RSA_aug_83,2010-03-01,0.04004853519661203,-3
RSA_aug_83,2010-04-01,0.0740710552046186,-2
RSA_aug_83,2010-05-01,0.09468920340059335,-1
RSA_aug_83,2010-06-01,0.0708560111656104,0
RSA_aug_83,2010-07-01,0.08673802941366286,1
RSA_aug_83,2010-08-01,0.06801343571663042,2
RSA_aug_83,2010-09-01,0.051822898099776644,3
RSA_aug_83,2010-10-01,-0.012154732052902295,4
RSA_aug_83,2010-11-01,0.005303830754131916,5
RSA_aug_83,2010-12-01,-0.0026117371908471135,6
RSA_aug_84,2010-01-01,0.02356649617327268,-5
RSA_aug_84,2010-02-01,0.055538383841072445,-4
RSA_aug_84,2010-03-01,0.07030531712663718,-3
RSA_aug_84,2010-04-01,0.05900344343855692,-2
RSA_aug_84,2010-05-01,0.07310996064410984,-1
RSA_aug_84,2010-06-01,0.05918730059341116,0
RSA_aug_84,2010-07-01,0.054526828184584916,1
RSA_aug_84,2010-08-01,-0.002210416279859383,2
RSA_aug_84,2010-09-01,0.005661229186075566,3
RSA_aug_84,2010-10-01,-0.0035758097637125807,4
RSA_aug_84,2010-11-01,0.018537870888969406,5
RSA_aug_84,2010-12-01,0.01812698035341798,6
RSA_aug_85,2010-01-01,0.030848840625849132,-5
RSA_aug_85,2010-02-01,0.06208365407864656,-4
RSA_aug_85,2010-03-01,0.07147947079972025,-3
RSA_aug_85,2010-04-01,0.05868052904841229,-2
RSA_aug_85,2010-05-01,0.07206913508205623,-1
RSA_aug_85,2010-06-01,0.06318704209731017,0
RSA_aug_85,2010-07-01,0.054353840293439246,1
RSA_aug_85,2010-08-01,-0.0007379317207752605,2
RSA_aug_85,2010-09-01,0.007856513768401224,3
RSA_aug_85,2010-10-01,0.003824349931235971,4
RSA_aug_85,2010-11-01,0.02799874405394303,5
RSA_aug_85,2010-12-01,0.021547378913733484,6
RSA_aug_86,2010-01-01,0.02697053080151489,-5
RSA_aug_86,2010-02-01,0.05581491147996566,-4
RSA_aug_86,2010-03-01,0.07187315177981607,-3
RSA_aug_86,2010-04-01,0.06207839859129535,-2
RSA_aug_86,2010-05-01,0.07060101961622896,-1
RSA_aug_86,2010-06-01,0.0505957687958392,0
RSA_aug_86,2010-07-01,0.04202639741211063,1
RSA_aug_86,2010-08-01,-0.008587126313980233,2
RSA_aug_86,2010-09-01,0.003985031861788236,3
RSA_aug_86,2010-10-01,0.001335416160735386,4
RSA_aug_86,2010-11-01,0.02179369994279419,5
RSA_aug_86,2010-12-01,0.01752813222367319,6
RSA_aug_87,2010-01-01,0.02953111110538072,-5
RSA_aug_87,2010-02-01,0.05735643357794066,-4
RSA_aug_87,2010-03-01,0.07825584802063715,-3
RSA_aug_87,2010-04-01,0.06442292893233066,-2
RSA_aug_87,2010-05-01,0.07222813944029914,-1
RSA_aug_87,2010-06-01,0.05695904378868511,0
RSA_aug_87,2010-07-01,0.047256761289803564,1
RSA_aug_87,2010-08-01,-0.008479165987178777,2
RSA_aug_87,2010-09-01,0.0057728232655889795,3
RSA_aug_87,2010-10-01,0.0018233816624153311,4
RSA_aug_87,2010-11-01,0.02078493393096187,5
RSA_aug_87,2010-12-01,0.026234028100591562,6
RSA_aug_88,2010-01-01,0.02121374959739833,-5
RSA_aug_88,2010-02-01,0.030380209227642674,-4
RSA_aug_88,2010-03-01,0.058597582279239516,-3
RSA_aug_88,2010-04-01,0.07369947762056833,-2
RSA_aug_88,2010-05-01,0.06058662127179619,-1
RSA_aug_88,2010-06-01,0.06576870981412825,0
RSA_aug_88,2010-07-01,0.060387203964861795,1
RSA_aug_88,2010-08-01,0.053662212724092336,2
RSA_aug_88,2010-09-01,-0.004632766353300742,3
RSA_aug_88,2010-10-01,0.0017919070610334599,4
RSA_aug_88,2010-11-01,-0.000380145149940084,5
RSA_aug_88,2010-12-01,0.021724279131506846,6
RSA_aug_89,2010-01-01,0.02212092021916323,-5
RSA_aug_89,2010-02-01,0.02928174325752952,-4
RSA_aug_89,2010-03-01,0.06115796165582353,-3
RSA_aug_89,2010-04-01,0.07863402136882286,-2
RSA_aug_89,2010-05-01,0.06467046746571578,-1
RSA_aug_89,2010-06-01,0.07100604201104711,0
RSA_aug_89,2010-07-01,0.0619811967329985,1
RSA_aug_89,2010-08-01,0.05577189053500993,2
RSA_aug_89,2010-09-01,0.007297625650773838,3
RSA_aug_89,2010-10-01,0.009762832137745385,4
RSA_aug_89,2010-11-01,0.0046774045466361856,5
RSA_aug_89,2010-12-01,0.01870790123628786,6
RSA_aug_90,2010-01-01,0.022705682858172854,-5
RSA_aug_90,2010-02-01,0.027484944210024093,-4
RSA_aug_90,2010-03-01,0.06414453407675462,-3
RSA_aug_90,2010-04-01,0.07406576663139276,-2
RSA_aug_90,2010-05-01,0.05491016742690114,-1
RSA_aug_90,2010-06-01,0.06614626884945575,0
RSA_aug_90,2010-07-01,0.04882431865582917,1
RSA_aug_90,2010-08-01,0.04427825661813289,2
RSA_aug_90,2010-09-01,-0.01589061798586043,3
RSA_aug_90,2010-10-01,-0.002440766099119478,4
RSA_aug_90,2010-11-01,-0.010412195245233152,5
RSA_aug_90,2010-12-01,0.013763662812371482,6
RSA_aug_91,2010-01-01,0.02593398200713285,-5
RSA_aug_91,2010-02-01,0.032350048160597875,-4
RSA_aug_91,2010-03-01,0.05916816995171569,-3
RSA_aug_91,2010-04-01,0.07291607771671496,-2
RSA_aug_91,2010-05-01,0.05919120587219409,-1
RSA_aug_91,2010-06-01,0.07182404903690551,0
RSA_aug_91,2010-07-01,0.0544498877715044,1
RSA_aug_91,2010-08-01,0.047597009766511426,2
RSA_aug_91,2010-09-01,-0.015548881824115915,3
RSA_aug_91,2010-10-01,-0.0041600755685246285,4
RSA_aug_91,2010-11-01,-0.006863143095456465,5
RSA_aug_91,2010-12-01,0.01897734613985451,6
RSA_aug_92,2010-01-01,0.02149279007432326,-5
RSA_aug_92,2010-02-01,0.01695082597677906,-4
RSA_aug_92,2010-03-01,0.022316301413183803,-3
RSA_aug_92,2010-04-01,0.05555679753142534,-2
RSA_aug_92,2010-05-01,0.07034249528460071,-1
RSA_aug_92,2010-06-01,0.05568998227074224,0
RSA_aug_92,2010-07-01,0.06664304808536586,1
RSA_aug_92,2010-08-01,0.05706993736514327,2
RSA_aug_92,2010-09-01,0.046073704618725037,3
RSA_aug_92,2010-10-01,-0.008827475933961743,4
RSA_aug_92,2010-11-01,0.008656639866420821,5
RSA_aug_92,2010-12-01,-0.0010023894276625649,6
RSA_aug_93,2010-01-01,0.01594224841749982,-5
RSA_aug_93,2010-02-01,0.019695506916548297,-4
RSA_aug_93,2010-03-01,0.025071673683948994,-3
RSA_aug_93,2010-04-01,0.055881574854158574,-2
RSA_aug_93,2010-05-01,0.0684822261120188,-1
RSA_aug_93,2010-06-01,0.05538285756557273,0
RSA_aug_93,2010-07-01,0.0725935044632392,1
RSA_aug_93,2010-08-01,0.061390659937618025,2
RSA_aug_93,2010-09-01,0.053069321148772525,3
RSA_aug_93,2010-10-01,-0.008049487428397105,4
RSA_aug_93,2010-11-01,-0.0006536204216226289,5
RSA_aug_93,2010-12-01,-0.011462956939070242,6
RSA_aug_94,2010-01-01,0.01902910347294062,-5
RSA_aug_94,2010-02-01,0.022286765419354617,-4
RSA_aug_94,2010-03-01,0.030356878368624572,-3
RSA_aug_94,2010-04-01,0.05972697599109561,-2
RSA_aug_94,2010-05-01,0.07331873398828777,-1
RSA_aug_94,2010-06-01,0.0573691263915688,0
RSA_aug_94,2010-07-01,0.06980388450442536,1
RSA_aug_94,2010-08-01,0.0594048245441424,2
RSA_aug_94,2010-09-01,0.04439410255067792,3
RSA_aug_94,2010-10-01,-0.00881035679997065,4
RSA_aug_94,2010-11-01,0.005003776298264593,5
RSA_aug_94,2010-12-01,-0.0004756472453451424,6
RSA_aug_95,2010-01-01,0.023500636158495958,-5
RSA_aug_95,2010-02-01,0.03079945516667662,-4
RSA_aug_95,2010-03-01,0.034249501977537136,-3
RSA_aug_95,2010-04-01,0.0641687756067733,-2
RSA_aug_95,2010-05-01,0.07419034286335884,-1
RSA_aug_95,2010-06-01,0.06053263601770968,0
RSA_aug_95,2010-07-01,0.0726907552111841,1
RSA_aug_95,2010-08-01,0.05965790012999316,2
RSA_aug_95,2010-09-01,0.04632991501790691,3
RSA_aug_95,2010-10-01,-0.007783036360057312,4
RSA_aug_95,2010-11-01,0.00726424690562706,5
RSA_aug_95,2010-12-01,0.0036041509356138338,6
RSA_aug_96,2010-01-01,0.03605799712492032,-5
RSA_aug_96,2010-02-01,0.07013868706487064,-4
RSA_aug_96,2010-03-01,0.08858503998942657,-3
RSA_aug_96,2010-04-01,0.07234854016218543,-2
RSA_aug_96,2010-05-01,0.08114942911296404,-1
RSA_aug_96,2010-06-01,0.06758814983368486,0
RSA_aug_96,2010-07-01,0.05280545676866302,1
RSA_aug_96,2010-08-01,-0.012901755181592135,2
RSA_aug_96,2010-09-01,0.001521793392989698,3
RSA_aug_96,2010-10-01,-0.0010038106938981587,4
RSA_aug_96,2010-11-01,0.020596308898536073,5
RSA_aug_96,2010-12-01,0.025276553114251792,6
RSA_aug_97,2010-01-01,0.03470843769057192,-5
RSA_aug_97,2010-02-01,0.06761134167352159,-4
RSA_aug_97,2010-03-01,0.07896713723512948,-3
RSA_aug_97,2010-04-01,0.06440408614921989,-2
RSA_aug_97,2010-05-01,0.07754721364892668,-1
RSA_aug_97,2010-06-01,0.06445172875745878,0
RSA_aug_97,2010-07-01,0.05286868134201746,1
RSA_aug_97,2010-08-01,-0.017616010319428,2
RSA_aug_97,2010-09-01,-0.0036518158298452365,3
RSA_aug_97,2010-10-01,-0.006573908582286586,4
RSA_aug_97,2010-11-01,0.02315374196821636,5
RSA_aug_97,2010-12-01,0.020935120960920574,6
RSA_aug_98,2010-01-01,0.03853815020216801,-5
RSA_aug_98,2010-02-01,0.06601360715314623,-4
RSA_aug_98,2010-03-01,0.08774957338633313,-3
RSA_aug_98,2010-04-01,0.07004324615279442,-2
RSA_aug_98,2010-05-01,0.08586243532632994,-1
RSA_aug_98,2010-06-01,0.06993572012398168,0
RSA_aug_98,2010-07-01,0.06176164533243398,1
RSA_aug_98,2010-08-01,-0.006021137512591722,2
RSA_aug_98,2010-09-01,0.0016980656734962248,3
RSA_aug_98,2010-10-01,0.0030020179018366115,4
RSA_aug_98,2010-11-01,0.02701650571346301,5
RSA_aug_98,2010-12-01,0.026719151447330936,6
RSA_aug_99,2010-01-01,0.037001920783174734,-5
RSA_aug_99,2010-02-01,0.06802334978431393,-4
RSA_aug_99,2010-03-01,0.0866262534303964,-3
RSA_aug_99,2010-04-01,0.06802171333029848,-2
RSA_aug_99,2010-05-01,0.08106911803393475,-1
RSA_aug_99,2010-06-01,0.06668192955339167,0
RSA_aug_99,2010-07-01,0.05043542846073685,1
RSA_aug_99,2010-08-01,-0.01500279661487297,2
RSA_aug_99,2010-09-01,0.004127287048108014,3
RSA_aug_99,2010-10-01,0.0027887921222616314,4
RSA_aug_99,2010-11-01,0.02704886170484845,5
RSA_aug_99,2010-12-01,0.02681556687277251,6
RSA_aug_100,2010-01-01,0.023603029810900383,-5
RSA_aug_100,2010-02-01,0.03673785218449528,-4
RSA_aug_100,2010-03-01,0.0707233554241226,-3
RSA_aug_100,2010-04-01,0.0871859674282628,-2
RSA_aug_100,2010-05-01,0.07440592139892144,-1
RSA_aug_100,2010-06-01,0.08313538934168196,0
RSA_aug_100,2010-07-01,0.07321751495948017,1
RSA_aug_100,2010-08-01,0.05473176141864277,2
RSA_aug_100,2010-09-01,-0.0037749706761811466,3
RSA_aug_100,2010-10-01,0.005722794459462119,4
RSA_aug_100,2010-11-01,-4.342557013274563e-05,5
RSA_aug_100,2010-12-01,0.018817923861317684,6
RSA_aug_101,2010-01-01,0.02304742632858554,-5
RSA_aug_101,2010-02-01,0.0280708212537348,-4
RSA_aug_101,2010-03-01,0.06347761617265081,-3
RSA_aug_101,2010-04-01,0.08102929664867531,-2
RSA_aug_101,2010-05-01,0.06960868421268074,-1
RSA_aug_101,2010-06-01,0.08331357386503224,0
RSA_aug_101,2010-07-01,0.06900792939077063,1
RSA_aug_101,2010-08-01,0.05340223142972021,2
RSA_aug_101,2010-09-01,-0.01335768150600922,3
RSA_aug_101,2010-10-01,0.006784221618777233,4
RSA_aug_101,2010-11-01,-0.0010330168251498392,5
RSA_aug_101,2010-12-01,0.03042351195160584,6
RSA_aug_102,2010-01-01,0.02378014672479667,-5
RSA_aug_102,2010-02-01,0.03217047514363719,-4
RSA_aug_102,2010-03-01,0.07204516047124601,-3
RSA_aug_102,2010-04-01,0.09167522945958283,-2
RSA_aug_102,2010-05-01,0.07307953034623939,-1
RSA_aug_102,2010-06-01,0.083588824003547,0
RSA_aug_102,2010-07-01,0.0679350230982685,1
RSA_aug_102,2010-08-01,0.05764040906631495,2
RSA_aug_102,2010-09-01,-0.0043714026215579405,3
RSA_aug_102,2010-10-01,0.006625475602689229,4
RSA_aug_102,2010-11-01,0.003546010737565661,5
RSA_aug_102,2010-12-01,0.033445204107888815,6
RSA_aug_103,2010-01-01,0.025940830736346607,-5
RSA_aug_103,2010-02-01,0.03469603350287101,-4
RSA_aug_103,2010-03-01,0.06478544703307601,-3
RSA_aug_103,2010-04-01,0.07328130115233428,-2
RSA_aug_103,2010-05-01,0.062420775355526655,-1
RSA_aug_103,2010-06-01,0.07742675405463505,0
RSA_aug_103,2010-07-01,0.06219763571815391,1
RSA_aug_103,2010-08-01,0.05345015294879498,2
RSA_aug_103,2010-09-01,-0.010486525205082198,3
RSA_aug_103,2010-10-01,0.00639576456911619,4
RSA_aug_103,2010-11-01,0.0015476152451885164,5
RSA_aug_103,2010-12-01,0.023845051860822232,6
RSA_aug_104,2010-01-01,0.02846625298240469,-5
RSA_aug_104,2010-02-01,0.026177273155877357,-4
RSA_aug_104,2010-03-01,0.03559887307909086,-3
RSA_aug_104,2010-04-01,0.0689976002053698,-2
RSA_aug_104,2010-05-01,0.08297278159213109,-1
RSA_aug_104,2010-06-01,0.06789415998442666,0
RSA_aug_104,2010-07-01,0.08148500216251829,1
RSA_aug_104,2010-08-01,0.06837233254696432,2
RSA_aug_104,2010-09-01,0.05583568954680886,3
RSA_aug_104,2010-10-01,-0.015025970285160074,4
RSA_aug_104,2010-11-01,-0.002061459051264452,5
RSA_aug_104,2010-12-01,-0.0016982930472697734,6
RSA_aug_105,2010-01-01,0.02401061211727641,-5
RSA_aug_105,2010-02-01,0.023075671852067985,-4
RSA_aug_105,2010-03-01,0.035101606253149086,-3
RSA_aug_105,2010-04-01,0.06785102516632596,-2
RSA_aug_105,2010-05-01,0.07911047826440336,-1
RSA_aug_105,2010-06-01,0.06444618723461047,0
RSA_aug_105,2010-07-01,0.077443265253442,1
RSA_aug_105,2010-08-01,0.06064642890446011,2
RSA_aug_105,2010-09-01,0.05095592402911372,3
RSA_aug_105,2010-10-01,-0.010256181376464453,4
RSA_aug_105,2010-11-01,0.0026159596130341566,5
RSA_aug_105,2010-12-01,-0.00023331825782818083,6
RSA_aug_106,2010-01-01,0.0313151444224836,-5
RSA_aug_106,2010-02-01,0.027660520016950373,-4
RSA_aug_106,2010-03-01,0.03573879831724825,-3
RSA_aug_106,2010-04-01,0.0689817684846102,-2
RSA_aug_106,2010-05-01,0.08228200347437471,-1
RSA_aug_106,2010-06-01,0.06511360946096441,0
RSA_aug_106,2010-07-01,0.07791143915427433,1
RSA_aug_106,2010-08-01,0.06554945624194519,2
RSA_aug_106,2010-09-01,0.06299363096475778,3
RSA_aug_106,2010-10-01,-0.006328962142073789,4
RSA_aug_106,2010-11-01,0.0038508779577132563,5
RSA_aug_106,2010-12-01,-0.0006825142313141661,6
RSA_aug_107,2010-01-01,0.026409398154834503,-5
RSA_aug_107,2010-02-01,0.026455650784303803,-4
RSA_aug_107,2010-03-01,0.03840792153369774,-3
RSA_aug_107,2010-04-01,0.06414457495725975,-2
RSA_aug_107,2010-05-01,0.0736934360123161,-1
RSA_aug_107,2010-06-01,0.059638271912304835,0
RSA_aug_107,2010-07-01,0.07967849173386618,1
RSA_aug_107,2010-08-01,0.060077325219375595,2
RSA_aug_107,2010-09-01,0.040771460897365705,3
RSA_aug_107,2010-10-01,-0.016838550782817208,4
RSA_aug_107,2010-11-01,-0.0009411847433672513,5
RSA_aug_107,2010-12-01,-0.007463737024874785,6
RSA_aug_108,2010-01-01,0.026530513633791906,-5
RSA_aug_108,2010-02-01,0.057067798170349356,-4
RSA_aug_108,2010-03-01,0.07384865450074778,-3
RSA_aug_108,2010-04-01,0.0583820836078942,-2
RSA_aug_108,2010-05-01,0.0731856697291473,-1
RSA_aug_108,2010-06-01,0.0510579397470616,0
RSA_aug_108,2010-07-01,0.04140304647570175,1
RSA_aug_108,2010-08-01,-0.017516240365996465,2
RSA_aug_108,2010-09-01,-0.003952004356431452,3
RSA_aug_108,2010-10-01,-0.007112621982601397,4
RSA_aug_108,2010-11-01,0.02068246276313485,5
RSA_aug_108,2010-12-01,0.015126746264063443,6
RSA_aug_109,2010-01-01,0.02975919653664958,-5
RSA_aug_109,2010-02-01,0.06402714820498902,-4
RSA_aug_109,2010-03-01,0.08400295692566319,-3
RSA_aug_109,2010-04-01,0.0656725178768271,-2
RSA_aug_109,2010-05-01,0.07756383400121682,-1
RSA_aug_109,2010-06-01,0.05729661566023176,0
RSA_aug_109,2010-07-01,0.04079689795050858,1
RSA_aug_109,2010-08-01,-0.011752746695825463,2
RSA_aug_109,2010-09-01,0.0007143792479555565,3
RSA_aug_109,2010-10-01,0.0014050849780916882,4
RSA_aug_109,2010-11-01,0.019618899166043542,5
RSA_aug_109,2010-12-01,0.02186116381197004,6
RSA_aug_110,2010-01-01,0.03546895911267074,-5
RSA_aug_110,2010-02-01,0.06743790537778613,-4
RSA_aug_110,2010-03-01,0.08135172661738162,-3
RSA_aug_110,2010-04-01,0.06542266126177029,-2
RSA_aug_110,2010-05-01,0.07146030966185464,-1
RSA_aug_110,2010-06-01,0.06308038157748747,0
RSA_aug_110,2010-07-01,0.050269137490334716,1
RSA_aug_110,2010-08-01,-0.006439886875842513,2
RSA_aug_110,2010-09-01,-0.0005852527750223654,3
RSA_aug_110,2010-10-01,-0.0068540817407634035,4
RSA_aug_110,2010-11-01,0.022852094450765525,5
RSA_aug_110,2010-12-01,0.021322697685102414,6
RSA_aug_111,2010-01-01,0.03416768453662693,-5
RSA_aug_111,2010-02-01,0.06500235198084883,-4
RSA_aug_111,2010-03-01,0.07307761971043003,-3
RSA_aug_111,2010-04-01,0.06261770803747085,-2
RSA_aug_111,2010-05-01,0.07264346631727475,-1
RSA_aug_111,2010-06-01,0.06182006565768839,0
RSA_aug_111,2010-07-01,0.05141231107110208,1
RSA_aug_111,2010-08-01,-0.01208217055864325,2
RSA_aug_111,2010-09-01,0.0010244520633771533,3
RSA_aug_111,2010-10-01,0.00480085327912864,4
RSA_aug_111,2010-11-01,0.027750180617404082,5
RSA_aug_111,2010-12-01,0.025528468833865555,6
RSA_aug_112,2010-01-01,0.025647467593954396,-5
RSA_aug_112,2010-02-01,0.032544045524269656,-4
RSA_aug_112,2010-03-01,0.06481015260809735,-3
RSA_aug_112,2010-04-01,0.07529768038166944,-2
RSA_aug_112,2010-05-01,0.062051447986567775,-1
RSA_aug_112,2010-06-01,0.07735190724461807,0
RSA_aug_112,2010-07-01,0.060184583137521695,1
RSA_aug_112,2010-08-01,0.05469287130822528,2
RSA_aug_112,2010-09-01,-0.005327973320044508,3
RSA_aug_112,2010-10-01,0.002278093189536737,4
RSA_aug_112,2010-11-01,0.0018916406312771512,5
RSA_aug_112,2010-12-01,0.023349264066702687,6
RSA_aug_113,2010-01-01,0.024658447817923278,-5
RSA_aug_113,2010-02-01,0.03030469742566908,-4
RSA_aug_113,2010-03-01,0.06245869997328591,-3
RSA_aug_113,2010-04-01,0.07867826435047849,-2
RSA_aug_113,2010-05-01,0.0645065393617991,-1
RSA_aug_113,2010-06-01,0.06951360871034892,0
RSA_aug_113,2010-07-01,0.054013324912157656,1
RSA_aug_113,2010-08-01,0.04898685961425826,2
RSA_aug_113,2010-09-01,-0.009296936985112126,3
RSA_aug_113,2010-10-01,0.0007454328874145766,4
RSA_aug_113,2010-11-01,-0.006518913272669449,5
RSA_aug_113,2010-12-01,0.01520259995232917,6
RSA_aug_114,2010-01-01,0.015948739998797888,-5
RSA_aug_114,2010-02-01,0.025036175299401272,-4
RSA_aug_114,2010-03-01,0.05722427837326871,-3
RSA_aug_114,2010-04-01,0.07058100544128941,-2
RSA_aug_114,2010-05-01,0.05792967339606846,-1
RSA_aug_114,2010-06-01,0.07247363422448994,0
RSA_aug_114,2010-07-01,0.06607262050056868,1
RSA_aug_114,2010-08-01,0.0494625025844915,2
RSA_aug_114,2010-09-01,-0.004932246271777206,3
RSA_aug_114,2010-10-01,0.008371904862735872,4
RSA_aug_114,2010-11-01,0.0004313057341592125,5
RSA_aug_114,2010-12-01,0.02390042716029961,6
RSA_aug_115,2010-01-01,0.020846937702393712,-5
RSA_aug_115,2010-02-01,0.029233205616772437,-4
RSA_aug_115,2010-03-01,0.06665037431182562,-3
RSA_aug_115,2010-04-01,0.08185175714340262,-2
RSA_aug_115,2010-05-01,0.06732529355630953,-1
RSA_aug_115,2010-06-01,0.07631322951230397,0
RSA_aug_115,2010-07-01,0.057455950364997135,1
RSA_aug_115,2010-08-01,0.04774180378704184,2
RSA_aug_115,2010-09-01,-0.005943050627900027,3
RSA_aug_115,2010-10-01,-0.00013837352211693629,4
RSA_aug_115,2010-11-01,-0.006163692312036264,5
RSA_aug_115,2010-12-01,0.019218413518255883,6
RSA_aug_116,2010-01-01,0.019575202885109635,-5
RSA_aug_116,2010-02-01,0.017721867008366705,-4
RSA_aug_116,2010-03-01,0.025220835028049244,-3
RSA_aug_116,2010-04-01,0.054946195485306965,-2
RSA_aug_116,2010-05-01,0.06902338103361845,-1
RSA_aug_116,2010-06-01,0.05929690894969353,0
RSA_aug_116,2010-07-01,0.06816049585676656,1
RSA_aug_116,2010-08-01,0.05160959007696363,2
RSA_aug_116,2010-09-01,0.04248483111424272,3
RSA_aug_116,2010-10-01,-0.010969407476414849,4
RSA_aug_116,2010-11-01,0.0006426195498829917,5
RSA_aug_116,2010-12-01,-0.0037885996935832574,6
RSA_aug_117,2010-01-01,0.022797567985571865,-5
RSA_aug_117,2010-02-01,0.016906862233331703,-4
RSA_aug_117,2010-03-01,0.027547699084478648,-3
RSA_aug_117,2010-04-01,0.061990248972234464,-2
RSA_aug_117,2010-05-01,0.07553547424019795,-1
RSA_aug_117,2010-06-01,0.06462933963622086,0
RSA_aug_117,2010-07-01,0.07231456222350971,1
RSA_aug_117,2010-08-01,0.06294269263987401,2
RSA_aug_117,2010-09-01,0.052573123884873764,3
RSA_aug_117,2010-10-01,-0.007522123190169117,4
RSA_aug_117,2010-11-01,0.0035184044291696323,5
RSA_aug_117,2010-12-01,-0.0007331439076099699,6
RSA_aug_118,2010-01-01,0.026479984663098692,-5
RSA_aug_118,2010-02-01,0.021481622366107633,-4
RSA_aug_118,2010-03-01,0.026691272976150045,-3
RSA_aug_118,2010-04-01,0.06345800408805485,-2
RSA_aug_118,2010-05-01,0.07594067188169197,-1
RSA_aug_118,2010-06-01,0.06457216031855549,0
RSA_aug_118,2010-07-01,0.08112862112987823,1
RSA_aug_118,2010-08-01,0.0640876850944525,2
RSA_aug_118,2010-09-01,0.05499404095365737,3
RSA_aug_118,2010-10-01,-0.008450788870822524,4
RSA_aug_118,2010-11-01,0.005318741323814183,5
RSA_aug_118,2010-12-01,0.0014395783651047604,6
RSA_aug_119,2010-01-01,0.024139981569103942,-5
RSA_aug_119,2010-02-01,0.02125590987695168,-4
RSA_aug_119,2010-03-01,0.023725419448383342,-3
RSA_aug_119,2010-04-01,0.059791583048613185,-2
RSA_aug_119,2010-05-01,0.06887510878295565,-1
RSA_aug_119,2010-06-01,0.05600048773767878,0
RSA_aug_119,2010-07-01,0.0729820874480473,1
RSA_aug_119,2010-08-01,0.060461068053108816,2
RSA_aug_119,2010-09-01,0.056519483643496564,3
RSA_aug_119,2010-10-01,-0.000600639464849272,4
RSA_aug_119,2010-11-01,0.006193788579978062,5
RSA_aug_119,2010-12-01,0.0014898580699240997,6
EGY_aug_0,2019-02-01,0.019262120464824666,-5
EGY_aug_0,2019-03-01,0.00016604574828259352,-4
EGY_aug_0,2019-04-01,-0.01452573068666754,-3
EGY_aug_0,2019-05-01,-0.009340546328573498,-2
EGY_aug_0,2019-06-01,0.023498445929467454,-1
EGY_aug_0,2019-07-01,0.0378259878373747,0
EGY_aug_0,2019-08-01,0.04902840360512327,1
EGY_aug_0,2019-09-01,-0.0016557906862871522,2
EGY_aug_0,2019-10-01,0.0039669839025878355,3
EGY_aug_0,2019-11-01,0.014015608893265905,4
EGY_aug_0,2019-12-01,-0.014155867183034998,5
EGY_aug_0,2020-01-01,0.0035950358724489485,6
EGY_aug_1,2019-02-01,0.01655274457660313,-5
EGY_aug_1,2019-03-01,-0.0028828155791026325,-4
EGY_aug_1,2019-04-01,-0.018336620566572658,-3
EGY_aug_1,2019-05-01,-0.00923297772824018,-2
EGY_aug_1,2019-06-01,0.016740604201082573,-1
EGY_aug_1,2019-07-01,0.03161554380398727,0
EGY_aug_1,2019-08-01,0.04252673900216884,1
EGY_aug_1,2019-09-01,-0.0013960774000693632,2
EGY_aug_1,2019-10-01,0.006160000686016251,3
EGY_aug_1,2019-11-01,0.013270414901949162,4
EGY_aug_1,2019-12-01,-0.019618769716862904,5
EGY_aug_1,2020-01-01,0.0013002502276567144,6
EGY_aug_2,2019-02-01,0.018944712057378493,-5
EGY_aug_2,2019-03-01,-0.004306296829262671,-4
EGY_aug_2,2019-04-01,-0.016474833676997785,-3
EGY_aug_2,2019-05-01,-0.008643567518241722,-2
EGY_aug_2,2019-06-01,0.02010405012434107,-1
EGY_aug_2,2019-07-01,0.035095930876193435,0
EGY_aug_2,2019-08-01,0.0452971890443523,1
EGY_aug_2,2019-09-01,-0.0018874382099667516,2
EGY_aug_2,2019-10-01,0.0010709430507781104,3
EGY_aug_2,2019-11-01,0.005227477860713866,4
EGY_aug_2,2019-12-01,-0.015422194490096202,5
EGY_aug_2,2020-01-01,-0.0013066956948863816,6
EGY_aug_3,2019-02-01,0.019584592486250767,-5
EGY_aug_3,2019-03-01,0.0005950839283425193,-4
EGY_aug_3,2019-04-01,-0.014074761946305605,-3
EGY_aug_3,2019-05-01,-0.009772532974202584,-2
EGY_aug_3,2019-06-01,0.024053123259806967,-1
EGY_aug_3,2019-07-01,0.03210490613689788,0
EGY_aug_3,2019-08-01,0.04327556703108761,1
EGY_aug_3,2019-09-01,-0.004307665766549518,2
EGY_aug_3,2019-10-01,0.0052731489923616036,3
EGY_aug_3,2019-11-01,0.013789068998446986,4
EGY_aug_3,2019-12-01,-0.011085914033506696,5
EGY_aug_3,2020-01-01,0.0018035553622657726,6
EGY_aug_4,2019-02-01,0.016372182365671565,-5
EGY_aug_4,2019-03-01,-0.002493086686402947,-4
EGY_aug_4,2019-04-01,-0.01744485149772119,-3
EGY_aug_4,2019-05-01,-0.007082093328512799,-2
EGY_aug_4,2019-06-01,0.023694251749815,-1
EGY_aug_4,2019-07-01,0.036197791035553956,0
EGY_aug_4,2019-08-01,0.050986822038692994,1
EGY_aug_4,2019-09-01,0.0031972585058065973,2
EGY_aug_4,2019-10-01,0.0032094220715397984,3
EGY_aug_4,2019-11-01,0.010540775667662218,4
EGY_aug_4,2019-12-01,-0.018005871481969582,5
EGY_aug_4,2020-01-01,-0.01153322676259317,6
EGY_aug_5,2019-02-01,0.01969059681052133,-5
EGY_aug_5,2019-03-01,-0.0003979961356065892,-4
EGY_aug_5,2019-04-01,-0.015437082381323308,-3
EGY_aug_5,2019-05-01,-0.01489294630134354,-2
EGY_aug_5,2019-06-01,0.019921774417153277,-1
EGY_aug_5,2019-07-01,0.029090841489105557,0
EGY_aug_5,2019-08-01,0.05076037193214534,1
EGY_aug_5,2019-09-01,-0.0029216963161023493,2
EGY_aug_5,2019-10-01,0.006733725704383532,3
EGY_aug_5,2019-11-01,0.015010880743487082,4
EGY_aug_5,2019-12-01,-0.015776207804817845,5
EGY_aug_5,2020-01-01,-0.0064671055835014805,6
EGY_aug_6,2019-02-01,0.020151322854287987,-5
EGY_aug_6,2019-03-01,-0.004684456319929897,-4
EGY_aug_6,2019-04-01,-0.017600398117574814,-3
EGY_aug_6,2019-05-01,-0.011229446734335149,-2
EGY_aug_6,2019-06-01,0.016955694493616162,-1
EGY_aug_6,2019-07-01,0.027896027544360418,0
EGY_aug_6,2019-08-01,0.04678119674452733,1
EGY_aug_6,2019-09-01,-0.0028626820757210623,2
EGY_aug_6,2019-10-01,0.0011986437023626091,3
EGY_aug_6,2019-11-01,0.012082366135191688,4
EGY_aug_6,2019-12-01,-0.01054490624980504,5
EGY_aug_6,2020-01-01,-0.0017816893343561297,6
EGY_aug_7,2019-02-01,0.018027741130861773,-5
EGY_aug_7,2019-03-01,-0.0013812179740400501,-4
EGY_aug_7,2019-04-01,-0.020796544918820645,-3
EGY_aug_7,2019-05-01,-0.010307080780573104,-2
EGY_aug_7,2019-06-01,0.02448590009605411,-1
EGY_aug_7,2019-07-01,0.039780383567125786,0
EGY_aug_7,2019-08-01,0.04477029828637619,1
EGY_aug_7,2019-09-01,-0.004261515691498579,2
EGY_aug_7,2019-10-01,-0.0003466436412123807,3
EGY_aug_7,2019-11-01,0.0096476518829713,4
EGY_aug_7,2019-12-01,-0.013623990665107773,5
EGY_aug_7,2020-01-01,0.00245416516358452,6
EGY_aug_8,2019-02-01,0.016914176394387286,-5
EGY_aug_8,2019-03-01,-0.004464003962913257,-4
EGY_aug_8,2019-04-01,-0.013838896175418901,-3
EGY_aug_8,2019-05-01,-0.007294524511798615,-2
EGY_aug_8,2019-06-01,0.02674325972620151,-1
EGY_aug_8,2019-07-01,0.03840143505117723,0
EGY_aug_8,2019-08-01,0.045476113749268375,1
EGY_aug_8,2019-09-01,-0.0048879623963777865,2
EGY_aug_8,2019-10-01,-0.0026328431344417006,3
EGY_aug_8,2019-11-01,0.010064025247172648,4
EGY_aug_8,2019-12-01,-0.010732070214762746,5
EGY_aug_8,2020-01-01,0.004344182222066707,6
EGY_aug_9,2019-02-01,0.020876784775658297,-5
EGY_aug_9,2019-03-01,0.0019996706726279553,-4
EGY_aug_9,2019-04-01,-0.01643869259472147,-3
EGY_aug_9,2019-05-01,-0.012612082411366545,-2
EGY_aug_9,2019-06-01,0.02343137782382314,-1
EGY_aug_9,2019-07-01,0.037490800588402026,0
EGY_aug_9,2019-08-01,0.0488656367142595,1
EGY_aug_9,2019-09-01,0.0015300045824005746,2
EGY_aug_9,2019-10-01,0.005423673685608286,3
EGY_aug_9,2019-11-01,0.015049537142792333,4
EGY_aug_9,2019-12-01,-0.008471324188117652,5
EGY_aug_9,2020-01-01,0.0013613864293390448,6
EGY_aug_10,2019-02-01,0.02088477336300451,-5
EGY_aug_10,2019-03-01,8.148098729184039e-05,-4
EGY_aug_10,2019-04-01,-0.016835343120833655,-3
EGY_aug_10,2019-05-01,-0.007101716734426774,-2
EGY_aug_10,2019-06-01,0.01893473495524697,-1
EGY_aug_10,2019-07-01,0.037620003783373296,0
EGY_aug_10,2019-08-01,0.04506037025484365,1
EGY_aug_10,2019-09-01,-0.0002558543407924754,2
EGY_aug_10,2019-10-01,0.001266751050621988,3
EGY_aug_10,2019-11-01,0.011264111842709618,4
EGY_aug_10,2019-12-01,-0.013884133892769235,5
EGY_aug_10,2020-01-01,-0.0070854938472217875,6
EGY_aug_11,2019-02-01,0.019625858175652523,-5
EGY_aug_11,2019-03-01,-0.00364366910542103,-4
EGY_aug_11,2019-04-01,-0.014313966172908303,-3
EGY_aug_11,2019-05-01,-0.008354295927113762,-2
EGY_aug_11,2019-06-01,0.02374661237512146,-1
EGY_aug_11,2019-07-01,0.03354111513180347,0
EGY_aug_11,2019-08-01,0.04526074534525088,1
EGY_aug_11,2019-09-01,-0.0023822700881367277,2
EGY_aug_11,2019-10-01,0.005476815817697293,3
EGY_aug_11,2019-11-01,0.016235779419015262,4
EGY_aug_11,2019-12-01,-0.014227849820968756,5
EGY_aug_11,2020-01-01,0.0006921442224507579,6
EGY_aug_12,2019-02-01,0.01163534354652853,-5
EGY_aug_12,2019-03-01,-0.008236521777836476,-4
EGY_aug_12,2019-04-01,-0.021065378567015423,-3
EGY_aug_12,2019-05-01,-0.014817434822804084,-2
EGY_aug_12,2019-06-01,0.014798778915899957,-1
EGY_aug_12,2019-07-01,0.03335121159648961,0
EGY_aug_12,2019-08-01,0.04540905653472782,1
EGY_aug_12,2019-09-01,0.000626528750845162,2
EGY_aug_12,2019-10-01,0.006000815386352032,3
EGY_aug_12,2019-11-01,0.011994568010386933,4
EGY_aug_12,2019-12-01,-0.011117153545420205,5
EGY_aug_12,2020-01-01,-0.0015648969723154873,6
EGY_aug_13,2019-02-01,0.014467773086677701,-5
EGY_aug_13,2019-03-01,-0.0006400767545911763,-4
EGY_aug_13,2019-04-01,-0.017035229718094864,-3
EGY_aug_13,2019-05-01,-0.012042915853459743,-2
EGY_aug_13,2019-06-01,0.019933203629426206,-1
EGY_aug_13,2019-07-01,0.03153357536216558,0
EGY_aug_13,2019-08-01,0.04411353196886486,1
EGY_aug_13,2019-09-01,1.9032780121648396e-05,2
EGY_aug_13,2019-10-01,0.004777591784913904,3
EGY_aug_13,2019-11-01,0.008163733661377102,4
EGY_aug_13,2019-12-01,-0.015913833162718223,5
EGY_aug_13,2020-01-01,-0.00013987587646450755,6
EGY_aug_14,2019-02-01,0.019319885618735967,-5
EGY_aug_14,2019-03-01,0.004185607451667104,-4
EGY_aug_14,2019-04-01,-0.010052370318194484,-3
EGY_aug_14,2019-05-01,-0.003322785082580648,-2
EGY_aug_14,2019-06-01,0.01984889703973082,-1
EGY_aug_14,2019-07-01,0.036333410013702876,0
EGY_aug_14,2019-08-01,0.0470368553754107,1
EGY_aug_14,2019-09-01,-0.001419886735974239,2
EGY_aug_14,2019-10-01,0.0036962664140504906,3
EGY_aug_14,2019-11-01,0.013054000258656322,4
EGY_aug_14,2019-12-01,-0.01115602187737136,5
EGY_aug_14,2020-01-01,-0.0039117105466450145,6
EGY_aug_15,2019-02-01,0.02002911074211061,-5
EGY_aug_15,2019-03-01,-0.003356392300948598,-4
EGY_aug_15,2019-04-01,-0.015772743174956468,-3
EGY_aug_15,2019-05-01,-0.009727859883635684,-2
EGY_aug_15,2019-06-01,0.02071866734398962,-1
EGY_aug_15,2019-07-01,0.036679720534015255,0
EGY_aug_15,2019-08-01,0.04432688891684414,1
EGY_aug_15,2019-09-01,0.004717332319441653,2
EGY_aug_15,2019-10-01,0.0003581562285224671,3
EGY_aug_15,2019-11-01,0.0073041421270923935,4
EGY_aug_15,2019-12-01,-0.013776494418767528,5
EGY_aug_15,2020-01-01,-0.0007181431820335888,6
EGY_aug_16,2019-02-01,0.018811323225709577,-5
EGY_aug_16,2019-03-01,-0.002813519451767546,-4
EGY_aug_16,2019-04-01,-0.01595947032332685,-3
EGY_aug_16,2019-05-01,-0.009824024531767943,-2
EGY_aug_16,2019-06-01,0.027335568635547706,-1
EGY_aug_16,2019-07-01,0.041456179456735125,0
EGY_aug_16,2019-08-01,0.054151142235345964,1
EGY_aug_16,2019-09-01,-0.0012842478083267123,2
EGY_aug_16,2019-10-01,0.0032796657277417997,3
EGY_aug_16,2019-11-01,0.009853245558059682,4
EGY_aug_16,2019-12-01,-0.018165157521303835,5
EGY_aug_16,2020-01-01,-0.0028006995656387687,6
EGY_aug_17,2019-02-01,0.017464486484222632,-5
EGY_aug_17,2019-03-01,-0.0011431631536259765,-4
EGY_aug_17,2019-04-01,-0.01986946474126299,-3
EGY_aug_17,2019-05-01,-0.0053420540152327774,-2
EGY_aug_17,2019-06-01,0.02203118387730341,-1
EGY_aug_17,2019-07-01,0.037475806265817146,0
EGY_aug_17,2019-08-01,0.05234829465908434,1
EGY_aug_17,2019-09-01,-0.0007693308591626248,2
EGY_aug_17,2019-10-01,0.006351493292543862,3
EGY_aug_17,2019-11-01,0.008190879370165225,4
EGY_aug_17,2019-12-01,-0.01124216541351682,5
EGY_aug_17,2020-01-01,-0.0011648868488400965,6
EGY_aug_18,2019-02-01,0.017283440826753836,-5
EGY_aug_18,2019-03-01,-0.004154713879706277,-4
EGY_aug_18,2019-04-01,-0.015255595995605591,-3
EGY_aug_18,2019-05-01,-0.010638039009805225,-2
EGY_aug_18,2019-06-01,0.02041713520981174,-1
EGY_aug_18,2019-07-01,0.035487755790909625,0
EGY_aug_18,2019-08-01,0.04550686352142478,1
EGY_aug_18,2019-09-01,0.003927460353088473,2
EGY_aug_18,2019-10-01,0.0038132532219210735,3
EGY_aug_18,2019-11-01,0.013549216370108265,4
EGY_aug_18,2019-12-01,-0.012979339328166941,5
EGY_aug_18,2020-01-01,-0.004919600260204567,6
EGY_aug_19,2019-02-01,0.019102524269023924,-5
EGY_aug_19,2019-03-01,-0.00010770180565161875,-4
EGY_aug_19,2019-04-01,-0.016748300655428393,-3
EGY_aug_19,2019-05-01,-0.00574424735879324,-2
EGY_aug_19,2019-06-01,0.027782741643033973,-1
EGY_aug_19,2019-07-01,0.04187582323277736,0
EGY_aug_19,2019-08-01,0.05020979764291652,1
EGY_aug_19,2019-09-01,-0.0031726699241317424,2
EGY_aug_19,2019-10-01,0.0008969112931740712,3
EGY_aug_19,2019-11-01,0.010453592519817017,4
EGY_aug_19,2019-12-01,-0.013151333573895623,5
EGY_aug_19,2020-01-01,-0.008643757622795095,6
EGY_aug_20,2019-02-01,0.018403941868147925,-5
EGY_aug_20,2019-03-01,-0.001964747668818783,-4
EGY_aug_20,2019-04-01,-0.017132795833297503,-3
EGY_aug_20,2019-05-01,-0.005631546693194476,-2
EGY_aug_20,2019-06-01,0.02495807685143454,-1
EGY_aug_20,2019-07-01,0.04081074420169223,0
EGY_aug_20,2019-08-01,0.049290548704489,1
EGY_aug_20,2019-09-01,0.0032833418711269635,2
EGY_aug_20,2019-10-01,0.010015765935363736,3
EGY_aug_20,2019-11-01,0.016958259473816337,4
EGY_aug_20,2019-12-01,-0.014851710287835364,5
EGY_aug_20,2020-01-01,-0.003485563466883268,6
EGY_aug_21,2019-02-01,0.017403176795121166,-5
EGY_aug_21,2019-03-01,-0.001372025715528532,-4
EGY_aug_21,2019-04-01,-0.014039493999725842,-3
EGY_aug_21,2019-05-01,-0.010749170106650469,-2
EGY_aug_21,2019-06-01,0.021909920686634457,-1
EGY_aug_21,2019-07-01,0.02973343972538307,0
EGY_aug_21,2019-08-01,0.04989005045860671,1
EGY_aug_21,2019-09-01,-0.0007875564108626851,2
EGY_aug_21,2019-10-01,0.0037380978102012187,3
EGY_aug_21,2019-11-01,0.00969423787414552,4
EGY_aug_21,2019-12-01,-0.011041103965611828,5
EGY_aug_21,2020-01-01,-0.009670253925936272,6
EGY_aug_22,2019-02-01,0.0183787123659784,-5
EGY_aug_22,2019-03-01,-0.002758183042090386,-4
EGY_aug_22,2019-04-01,-0.01796529623304015,-3
EGY_aug_22,2019-05-01,-0.004664993526766898,-2
EGY_aug_22,2019-06-01,0.021448315061960682,-1
EGY_aug_22,2019-07-01,0.03784240719468383,0
EGY_aug_22,2019-08-01,0.04983110530579358,1
EGY_aug_22,2019-09-01,0.004456440347089434,2
EGY_aug_22,2019-10-01,0.003637787417588318,3
EGY_aug_22,2019-11-01,0.008398181038488804,4
EGY_aug_22,2019-12-01,-0.011695245771769384,5
EGY_aug_22,2020-01-01,-0.00023763587413470032,6
EGY_aug_23,2019-02-01,0.01384084124331202,-5
EGY_aug_23,2019-03-01,-0.00581626295730743,-4
EGY_aug_23,2019-04-01,-0.01666460113879481,-3
EGY_aug_23,2019-05-01,-0.0067953752229349094,-2
EGY_aug_23,2019-06-01,0.021234778429431403,-1
EGY_aug_23,2019-07-01,0.02681453496243181,0
EGY_aug_23,2019-08-01,0.04602305077073039,1
EGY_aug_23,2019-09-01,-0.0043987375632344354,2
EGY_aug_23,2019-10-01,-0.0038269312554382513,3
EGY_aug_23,2019-11-01,-0.0007484147416563745,4
EGY_aug_23,2019-12-01,-0.016102435757300467,5
EGY_aug_23,2020-01-01,-0.0028385842522744525,6
EGY_aug_24,2019-02-01,0.017519778869604596,-5
EGY_aug_24,2019-03-01,0.0014187393392465853,-4
EGY_aug_24,2019-04-01,-0.012912803407130092,-3
EGY_aug_24,2019-05-01,-0.0030466598974668267,-2
EGY_aug_24,2019-06-01,0.02028721863341923,-1
EGY_aug_24,2019-07-01,0.03463181400496153,0
EGY_aug_24,2019-08-01,0.0423282309158445,1
EGY_aug_24,2019-09-01,-0.0026379293287015246,2
EGY_aug_24,2019-10-01,0.002069759038311572,3
EGY_aug_24,2019-11-01,0.011675289986638597,4
EGY_aug_24,2019-12-01,-0.01329271509425804,5
EGY_aug_24,2020-01-01,-0.0003388605940351378,6
EGY_aug_25,2019-02-01,0.02024141981524906,-5
EGY_aug_25,2019-03-01,0.0047245023252752115,-4
EGY_aug_25,2019-04-01,-0.01441322509309903,-3
EGY_aug_25,2019-05-01,-0.011123497116570655,-2
EGY_aug_25,2019-06-01,0.021935753136910534,-1
EGY_aug_25,2019-07-01,0.033026241691606395,0
EGY_aug_25,2019-08-01,0.05077870305785044,1
EGY_aug_25,2019-09-01,0.0005023112372360003,2
EGY_aug_25,2019-10-01,0.002366806960730339,3
EGY_aug_25,2019-11-01,0.008575008106656038,4
EGY_aug_25,2019-12-01,-0.012531636238783665,5
EGY_aug_25,2020-01-01,-0.002330103493912857,6
EGY_aug_26,2019-02-01,0.01630114223836509,-5
EGY_aug_26,2019-03-01,0.0017526029623441443,-4
EGY_aug_26,2019-04-01,-0.017157462761433574,-3
EGY_aug_26,2019-05-01,-0.009333721603287848,-2
EGY_aug_26,2019-06-01,0.023824208681837853,-1
EGY_aug_26,2019-07-01,0.031334658879958115,0
EGY_aug_26,2019-08-01,0.04718421131281371,1
EGY_aug_26,2019-09-01,-0.0031616300072961827,2
EGY_aug_26,2019-10-01,0.005003868188514488,3
EGY_aug_26,2019-11-01,0.008164878276186203,4
EGY_aug_26,2019-12-01,-0.012766829435806882,5
EGY_aug_26,2020-01-01,0.001279565707164036,6
EGY_aug_27,2019-02-01,0.0207042451995497,-5
EGY_aug_27,2019-03-01,-0.000671201674075245,-4
EGY_aug_27,2019-04-01,-0.016272940304714264,-3
EGY_aug_27,2019-05-01,-0.010781236273114966,-2
EGY_aug_27,2019-06-01,0.02565762636565319,-1
EGY_aug_27,2019-07-01,0.03477985925217341,0
EGY_aug_27,2019-08-01,0.04408399302521187,1
EGY_aug_27,2019-09-01,0.0006683193625007078,2
EGY_aug_27,2019-10-01,0.0017562042750441263,3
EGY_aug_27,2019-11-01,0.0069342940743673765,4
EGY_aug_27,2019-12-01,-0.019505253205451403,5
EGY_aug_27,2020-01-01,-0.006004191848042554,6
EGY_aug_28,2019-02-01,0.018714681035337077,-5
EGY_aug_28,2019-03-01,-0.001851462397216101,-4
EGY_aug_28,2019-04-01,-0.01381217977869284,-3
EGY_aug_28,2019-05-01,-0.006640743272563091,-2
EGY_aug_28,2019-06-01,0.02348681962378189,-1
EGY_aug_28,2019-07-01,0.03653629966917306,0
EGY_aug_28,2019-08-01,0.05081808573203073,1
EGY_aug_28,2019-09-01,0.004436574951367451,2
EGY_aug_28,2019-10-01,0.006110628849430827,3
EGY_aug_28,2019-11-01,0.01037384059251052,4
EGY_aug_28,2019-12-01,-0.01774647831362872,5
EGY_aug_28,2020-01-01,-0.008189081993663557,6
EGY_aug_29,2019-02-01,0.021003646169311507,-5
EGY_aug_29,2019-03-01,6.529046846633687e-05,-4
EGY_aug_29,2019-04-01,-0.01420693648578306,-3
EGY_aug_29,2019-05-01,-0.008798246699440257,-2
EGY_aug_29,2019-06-01,0.02752785932936837,-1
EGY_aug_29,2019-07-01,0.037239579647081245,0
EGY_aug_29,2019-08-01,0.05245285489365114,1
EGY_aug_29,2019-09-01,0.0010670804617085824,2
EGY_aug_29,2019-10-01,0.0025504222827216153,3
EGY_aug_29,2019-11-01,0.01222894081620371,4
EGY_aug_29,2019-12-01,-0.012736319555697536,5
EGY_aug_29,2020-01-01,-0.0007261609687225447,6
EGY_aug_30,2019-02-01,0.0192158598738645,-5
EGY_aug_30,2019-03-01,-0.0025145836899444726,-4
EGY_aug_30,2019-04-01,-0.00967917118460613,-3
EGY_aug_30,2019-05-01,-0.003018816932648905,-2
EGY_aug_30,2019-06-01,0.027692686705521035,-1
EGY_aug_30,2019-07-01,0.039125084770517286,0
EGY_aug_30,2019-08-01,0.053347280383558814,1
EGY_aug_30,2019-09-01,0.0031175863639198707,2
EGY_aug_30,2019-10-01,0.005289927066495387,3
EGY_aug_30,2019-11-01,0.010559533769759549,4
EGY_aug_30,2019-12-01,-0.014887010528421679,5
EGY_aug_30,2020-01-01,-0.012345555124669916,6
EGY_aug_31,2019-02-01,0.019611080905364273,-5
EGY_aug_31,2019-03-01,-0.003737364301279811,-4
EGY_aug_31,2019-04-01,-0.012588120020437474,-3
EGY_aug_31,2019-05-01,-0.0077141632507530585,-2
EGY_aug_31,2019-06-01,0.020017641612560436,-1
EGY_aug_31,2019-07-01,0.035635658292109594,0
EGY_aug_31,2019-08-01,0.045710466415844205,1
EGY_aug_31,2019-09-01,9.238669478085442e-07,2
EGY_aug_31,2019-10-01,0.004882672740540797,3
EGY_aug_31,2019-11-01,0.014255560535500037,4
EGY_aug_31,2019-12-01,-0.015614287534039224,5
EGY_aug_31,2020-01-01,-0.0028363473200038888,6
RUS_aug_0,2018-01-01,0.007318719958204682,-5
RUS_aug_0,2018-02-01,0.02693384740928082,-4
RUS_aug_0,2018-03-01,0.047128241874918736,-3
RUS_aug_0,2018-04-01,0.04197819503533226,-2
RUS_aug_0,2018-05-01,0.04731668834613446,-1
RUS_aug_0,2018-06-01,0.043428142153826226,0
RUS_aug_0,2018-07-01,0.06279114793337012,1
RUS_aug_0,2018-08-01,0.04690278676296022,2
RUS_aug_0,2018-09-01,0.03597515604901518,3
RUS_aug_0,2018-10-01,0.023424233400149676,4
RUS_aug_0,2018-11-01,0.028508933989459414,5
RUS_aug_0,2018-12-01,0.04762348743078902,6
RUS_aug_1,2018-01-01,0.005148179041282546,-5
RUS_aug_1,2018-02-01,0.03118088242454024,-4
RUS_aug_1,2018-03-01,0.04728362160135505,-3
RUS_aug_1,2018-04-01,0.04356501462177038,-2
RUS_aug_1,2018-05-01,0.04661380074013225,-1
RUS_aug_1,2018-06-01,0.0449518981827952,0
RUS_aug_1,2018-07-01,0.061188416932095605,1
RUS_aug_1,2018-08-01,0.04820690625607984,2
RUS_aug_1,2018-09-01,0.03460581903934206,3
RUS_aug_1,2018-10-01,0.02154589524075593,4
RUS_aug_1,2018-11-01,0.03478120890961129,5
RUS_aug_1,2018-12-01,0.04814739732602046,6
RUS_aug_2,2018-01-01,0.006985439664938061,-5
RUS_aug_2,2018-02-01,0.02713705395890584,-4
RUS_aug_2,2018-03-01,0.05127412522632732,-3
RUS_aug_2,2018-04-01,0.04297679285696172,-2
RUS_aug_2,2018-05-01,0.03836461887081752,-1
RUS_aug_2,2018-06-01,0.043619223733500204,0
RUS_aug_2,2018-07-01,0.06341836080830311,1
RUS_aug_2,2018-08-01,0.05143021637719822,2
RUS_aug_2,2018-09-01,0.03578378365628023,3
RUS_aug_2,2018-10-01,0.013996747510117523,4
RUS_aug_2,2018-11-01,0.030551884285772,5
RUS_aug_2,2018-12-01,0.045549120666356295,6
RUS_aug_3,2018-01-01,0.002380568523586134,-5
RUS_aug_3,2018-02-01,0.025782769829143716,-4
RUS_aug_3,2018-03-01,0.056573607907087445,-3
RUS_aug_3,2018-04-01,0.043646588580169995,-2
RUS_aug_3,2018-05-01,0.046796921300559534,-1
RUS_aug_3,2018-06-01,0.04221179798779223,0
RUS_aug_3,2018-07-01,0.05743023110771881,1
RUS_aug_3,2018-08-01,0.045976519758054044,2
RUS_aug_3,2018-09-01,0.03643131086771142,3
RUS_aug_3,2018-10-01,0.02168168734159815,4
RUS_aug_3,2018-11-01,0.03173253338820768,5
RUS_aug_3,2018-12-01,0.04582010881823891,6
RUS_aug_4,2018-01-01,0.006062654493368742,-5
RUS_aug_4,2018-02-01,0.02431479791061976,-4
RUS_aug_4,2018-03-01,0.04689186725166008,-3
RUS_aug_4,2018-04-01,0.03472904495270123,-2
RUS_aug_4,2018-05-01,0.03475086974843121,-1
RUS_aug_4,2018-06-01,0.04009284952982593,0
RUS_aug_4,2018-07-01,0.06002468418998008,1
RUS_aug_4,2018-08-01,0.04488756821870259,2
RUS_aug_4,2018-09-01,0.031608856372264654,3
RUS_aug_4,2018-10-01,0.018697908105365937,4
RUS_aug_4,2018-11-01,0.028639483416425433,5
RUS_aug_4,2018-12-01,0.03759752221001322,6
RUS_aug_5,2018-01-01,0.0045887732514003285,-5
RUS_aug_5,2018-02-01,0.0286805770654336,-4
RUS_aug_5,2018-03-01,0.05052174497724444,-3
RUS_aug_5,2018-04-01,0.03961773135078202,-2
RUS_aug_5,2018-05-01,0.043202789799002744,-1
RUS_aug_5,2018-06-01,0.03591992743836127,0
RUS_aug_5,2018-07-01,0.05918796142504395,1
RUS_aug_5,2018-08-01,0.04277488757740769,2
RUS_aug_5,2018-09-01,0.03525371187701329,3
RUS_aug_5,2018-10-01,0.020913610772009924,4
RUS_aug_5,2018-11-01,0.03324852921847462,5
RUS_aug_5,2018-12-01,0.04074866440292387,6
RUS_aug_6,2018-01-01,0.008009078201194432,-5
RUS_aug_6,2018-02-01,0.02734694859263103,-4
RUS_aug_6,2018-03-01,0.04616407411120992,-3
RUS_aug_6,2018-04-01,0.038935175183148145,-2
RUS_aug_6,2018-05-01,0.038993767043976,-1
RUS_aug_6,2018-06-01,0.03944624471071401,0
RUS_aug_6,2018-07-01,0.05841019785934474,1
RUS_aug_6,2018-08-01,0.04516364731932633,2
RUS_aug_6,2018-09-01,0.03539336298955003,3
RUS_aug_6,2018-10-01,0.02357159167085598,4
RUS_aug_6,2018-11-01,0.033031139143125256,5
RUS_aug_6,2018-12-01,0.040244252550480905,6
RUS_aug_7,2018-01-01,0.008612649736205992,-5
RUS_aug_7,2018-02-01,0.025253612018240015,-4
RUS_aug_7,2018-03-01,0.04742039264385677,-3
RUS_aug_7,2018-04-01,0.04131310402471781,-2
RUS_aug_7,2018-05-01,0.03702095534735117,-1
RUS_aug_7,2018-06-01,0.039138302129108134,0
RUS_aug_7,2018-07-01,0.05730457544381636,1
RUS_aug_7,2018-08-01,0.04233814533037006,2
RUS_aug_7,2018-09-01,0.03773781764299651,3
RUS_aug_7,2018-10-01,0.020622882897022507,4
RUS_aug_7,2018-11-01,0.02784089336937636,5
RUS_aug_7,2018-12-01,0.04154790657500339,6
RUS_aug_8,2018-01-01,0.00909857741981025,-5
RUS_aug_8,2018-02-01,0.030946403519850996,-4
RUS_aug_8,2018-03-01,0.05533603855019543,-3
RUS_aug_8,2018-04-01,0.046557464824652874,-2
RUS_aug_8,2018-05-01,0.04069742651458475,-1
RUS_aug_8,2018-06-01,0.041754490524863144,0
RUS_aug_8,2018-07-01,0.06312113297640526,1
RUS_aug_8,2018-08-01,0.05045967670631087,2
RUS_aug_8,2018-09-01,0.03194556793702851,3
RUS_aug_8,2018-10-01,0.028988198577123335,4
RUS_aug_8,2018-11-01,0.03654494576496743,5
RUS_aug_8,2018-12-01,0.04816385786883623,6
RUS_aug_9,2018-01-01,0.010483632729891727,-5
RUS_aug_9,2018-02-01,0.038291139423357226,-4
RUS_aug_9,2018-03-01,0.056654659700341975,-3
RUS_aug_9,2018-04-01,0.04810925628460014,-2
RUS_aug_9,2018-05-01,0.04759822453545816,-1
RUS_aug_9,2018-06-01,0.044852417763445694,0
RUS_aug_9,2018-07-01,0.06426581271170041,1
RUS_aug_9,2018-08-01,0.04714821667997955,2
RUS_aug_9,2018-09-01,0.036390301195750735,3
RUS_aug_9,2018-10-01,0.01939593743569938,4
RUS_aug_9,2018-11-01,0.0320498390436133,5
RUS_aug_9,2018-12-01,0.04173127778537469,6
RUS_aug_10,2018-01-01,0.007717165715307103,-5
RUS_aug_10,2018-02-01,0.030837231743298166,-4
RUS_aug_10,2018-03-01,0.05245731904981661,-3
RUS_aug_10,2018-04-01,0.04277619065473009,-2
RUS_aug_10,2018-05-01,0.05426872464841771,-1
RUS_aug_10,2018-06-01,0.05099320456363554,0
RUS_aug_10,2018-07-01,0.06391172950901262,1
RUS_aug_10,2018-08-01,0.050002128513993195,2
RUS_aug_10,2018-09-01,0.03744408862509397,3
RUS_aug_10,2018-10-01,0.020642090905408462,4
RUS_aug_10,2018-11-01,0.028883258608822383,5
RUS_aug_10,2018-12-01,0.046718404077905874,6
RUS_aug_11,2018-01-01,0.005281212243379449,-5
RUS_aug_11,2018-02-01,0.032930277813613136,-4
RUS_aug_11,2018-03-01,0.05543323175034471,-3
RUS_aug_11,2018-04-01,0.04893980773092673,-2
RUS_aug_11,2018-05-01,0.045095375208343204,-1
RUS_aug_11,2018-06-01,0.0458444676902743,0
RUS_aug_11,2018-07-01,0.06765029457077444,1
RUS_aug_11,2018-08-01,0.049119060886727045,2
RUS_aug_11,2018-09-01,0.03672896359874585,3
RUS_aug_11,2018-10-01,0.027761038050079928,4
RUS_aug_11,2018-11-01,0.03533906609140064,5
RUS_aug_11,2018-12-01,0.049172059097622095,6
RUS_aug_12,2018-01-01,0.00490133090930215,-5
RUS_aug_12,2018-02-01,0.026779055549859033,-4
RUS_aug_12,2018-03-01,0.04938247496495823,-3
RUS_aug_12,2018-04-01,0.04306641221553792,-2
RUS_aug_12,2018-05-01,0.04286967032817148,-1
RUS_aug_12,2018-06-01,0.04392317061477004,0
RUS_aug_12,2018-07-01,0.06073524885617403,1
RUS_aug_12,2018-08-01,0.04537012486403983,2
RUS_aug_12,2018-09-01,0.039733700589495435,3
RUS_aug_12,2018-10-01,0.02586755241130474,4
RUS_aug_12,2018-11-01,0.03312459397382646,5
RUS_aug_12,2018-12-01,0.04399861672571591,6
RUS_aug_13,2018-01-01,0.004326411036031586,-5
RUS_aug_13,2018-02-01,0.028980074103785572,-4
RUS_aug_13,2018-03-01,0.053424153007195684,-3
RUS_aug_13,2018-04-01,0.0471926745201476,-2
RUS_aug_13,2018-05-01,0.04566379841456872,-1
RUS_aug_13,2018-06-01,0.0415366408794585,0
RUS_aug_13,2018-07-01,0.06551634443189959,1
RUS_aug_13,2018-08-01,0.04759612463282705,2
RUS_aug_13,2018-09-01,0.037053869123044446,3
RUS_aug_13,2018-10-01,0.02710538972268769,4
RUS_aug_13,2018-11-01,0.03689915442186705,5
RUS_aug_13,2018-12-01,0.04839262049505752,6
RUS_aug_14,2018-01-01,0.003641764487907581,-5
RUS_aug_14,2018-02-01,0.030417272333749804,-4
RUS_aug_14,2018-03-01,0.05501451326341856,-3
RUS_aug_14,2018-04-01,0.04400607386660179,-2
RUS_aug_14,2018-05-01,0.04990695679905427,-1
RUS_aug_14,2018-06-01,0.04962485853628118,0
RUS_aug_14,2018-07-01,0.07178607286608152,1
RUS_aug_14,2018-08-01,0.05258706087786762,2
RUS_aug_14,2018-09-01,0.041606708534509484,3
RUS_aug_14,2018-10-01,0.028683467616930424,4
RUS_aug_14,2018-11-01,0.03629662259381114,5
RUS_aug_14,2018-12-01,0.04637092895805743,6
RUS_aug_15,2018-01-01,0.005947228825001326,-5
RUS_aug_15,2018-02-01,0.031166357947290307,-4
RUS_aug_15,2018-03-01,0.048644152232083536,-3
RUS_aug_15,2018-04-01,0.042797005901091464,-2
RUS_aug_15,2018-05-01,0.048841198676358055,-1
RUS_aug_15,2018-06-01,0.039558483809995965,0
RUS_aug_15,2018-07-01,0.06848545928778284,1
RUS_aug_15,2018-08-01,0.05391147997926734,2
RUS_aug_15,2018-09-01,0.03906129877689457,3
RUS_aug_15,2018-10-01,0.025502135993221733,4
RUS_aug_15,2018-11-01,0.03412399065260505,5
RUS_aug_15,2018-12-01,0.05058411721086183,6
RUS_aug_16,2018-01-01,0.010256298801254508,-5
RUS_aug_16,2018-02-01,0.028588835158670924,-4
RUS_aug_16,2018-03-01,0.054507128417281246,-3
RUS_aug_16,2018-04-01,0.04519511685433871,-2
RUS_aug_16,2018-05-01,0.04771816301382068,-1
RUS_aug_16,2018-06-01,0.04421797721598387,0
RUS_aug_16,2018-07-01,0.07218722444828464,1
RUS_aug_16,2018-08-01,0.05578238358642459,2
RUS_aug_16,2018-09-01,0.039506358930691425,3
RUS_aug_16,2018-10-01,0.020641491258588645,4
RUS_aug_16,2018-11-01,0.03239166980924866,5
RUS_aug_16,2018-12-01,0.04901434746958672,6
RUS_aug_17,2018-01-01,0.008114362147686172,-5
RUS_aug_17,2018-02-01,0.03561763045847159,-4
RUS_aug_17,2018-03-01,0.05714370390066169,-3
RUS_aug_17,2018-04-01,0.04935508931288135,-2
RUS_aug_17,2018-05-01,0.049636567015602276,-1
RUS_aug_17,2018-06-01,0.042870770549323006,0
RUS_aug_17,2018-07-01,0.06618625319009341,1
RUS_aug_17,2018-08-01,0.05408827793450448,2
RUS_aug_17,2018-09-01,0.04099728697627856,3
RUS_aug_17,2018-10-01,0.026378236952688615,4
RUS_aug_17,2018-11-01,0.03425948350199737,5
RUS_aug_17,2018-12-01,0.04533529477025179,6
RUS_aug_18,2018-01-01,0.007065574697128632,-5
RUS_aug_18,2018-02-01,0.0325879084896951,-4
RUS_aug_18,2018-03-01,0.052088864617725064,-3
RUS_aug_18,2018-04-01,0.044402359058303656,-2
RUS_aug_18,2018-05-01,0.044537559153502264,-1
RUS_aug_18,2018-06-01,0.0486189760397504,0
RUS_aug_18,2018-07-01,0.067579445754662,1
RUS_aug_18,2018-08-01,0.05562777969656375,2
RUS_aug_18,2018-09-01,0.04600556509950431,3
RUS_aug_18,2018-10-01,0.026155173511677173,4
RUS_aug_18,2018-11-01,0.032204680665404606,5
RUS_aug_18,2018-12-01,0.04168877820840997,6
RUS_aug_19,2018-01-01,0.0031747958208939754,-5
RUS_aug_19,2018-02-01,0.026597195431274045,-4
RUS_aug_19,2018-03-01,0.05620821771465291,-3
RUS_aug_19,2018-04-01,0.04661906394781749,-2
RUS_aug_19,2018-05-01,0.04901885205070038,-1
RUS_aug_19,2018-06-01,0.0402927747479459,0
RUS_aug_19,2018-07-01,0.06254225649916853,1
RUS_aug_19,2018-08-01,0.052525365996788274,2
RUS_aug_19,2018-09-01,0.041516957649796765,3
RUS_aug_19,2018-10-01,0.024653939827285247,4
RUS_aug_19,2018-11-01,0.03630513155295176,5
RUS_aug_19,2018-12-01,0.053622375183393294,6
RUS_aug_20,2018-01-01,0.006193037980768418,-5
RUS_aug_20,2018-02-01,0.02904398193367973,-4
RUS_aug_20,2018-03-01,0.04958112399433997,-3
RUS_aug_20,2018-04-01,0.04804881270218629,-2
RUS_aug_20,2018-05-01,0.0397979364898274,-1
RUS_aug_20,2018-06-01,0.04298565303144027,0
RUS_aug_20,2018-07-01,0.06175946972416837,1
RUS_aug_20,2018-08-01,0.04846945704390275,2
RUS_aug_20,2018-09-01,0.035566465158262214,3
RUS_aug_20,2018-10-01,0.022084150304407354,4
RUS_aug_20,2018-11-01,0.03340637851404333,5
RUS_aug_20,2018-12-01,0.05292005859000855,6
RUS_aug_21,2018-01-01,0.00890327482006799,-5
RUS_aug_21,2018-02-01,0.027418983093703116,-4
RUS_aug_21,2018-03-01,0.04748346288800325,-3
RUS_aug_21,2018-04-01,0.03994231137512307,-2
RUS_aug_21,2018-05-01,0.03823125408459772,-1
RUS_aug_21,2018-06-01,0.039859570185333246,0
RUS_aug_21,2018-07-01,0.06307922952522557,1
RUS_aug_21,2018-08-01,0.044006172196152576,2
RUS_aug_21,2018-09-01,0.038756115706149806,3
RUS_aug_21,2018-10-01,0.02442890236838529,4
RUS_aug_21,2018-11-01,0.030283564213145313,5
RUS_aug_21,2018-12-01,0.043437337527324864,6
RUS_aug_22,2018-01-01,0.010984613491317815,-5
RUS_aug_22,2018-02-01,0.03219201719016001,-4
RUS_aug_22,2018-03-01,0.05001603976419273,-3
RUS_aug_22,2018-04-01,0.04124981505508419,-2
RUS_aug_22,2018-05-01,0.04354382203825843,-1
RUS_aug_22,2018-06-01,0.04093202083508754,0
RUS_aug_22,2018-07-01,0.05591911411214046,1
RUS_aug_22,2018-08-01,0.050650171881976215,2
RUS_aug_22,2018-09-01,0.038343452341830744,3
RUS_aug_22,2018-10-01,0.024072384251140812,4
RUS_aug_22,2018-11-01,0.03196069207961763,5
RUS_aug_22,2018-12-01,0.04236364391617644,6
RUS_aug_23,2018-01-01,0.006285526586824721,-5
RUS_aug_23,2018-02-01,0.02467603440454326,-4
RUS_aug_23,2018-03-01,0.053795798512905876,-3
RUS_aug_23,2018-04-01,0.03972795084393165,-2
RUS_aug_23,2018-05-01,0.04017993560305786,-1
RUS_aug_23,2018-06-01,0.04013830814139775,0
RUS_aug_23,2018-07-01,0.06462292980709176,1
RUS_aug_23,2018-08-01,0.0478509275447314,2
RUS_aug_23,2018-09-01,0.03386163383776165,3
RUS_aug_23,2018-10-01,0.025018903151561255,4
RUS_aug_23,2018-11-01,0.03431472394091254,5
RUS_aug_23,2018-12-01,0.04640495850510559,6
RUS_aug_24,2018-01-01,0.008578959386154616,-5
RUS_aug_24,2018-02-01,0.0355508587156038,-4
RUS_aug_24,2018-03-01,0.05629353205218446,-3
RUS_aug_24,2018-04-01,0.04166098407343745,-2
RUS_aug_24,2018-05-01,0.04740517104766665,-1
RUS_aug_24,2018-06-01,0.044129434400863365,0
RUS_aug_24,2018-07-01,0.063233461862406,1
RUS_aug_24,2018-08-01,0.042720533654214674,2
RUS_aug_24,2018-09-01,0.03495782160391224,3
RUS_aug_24,2018-10-01,0.019803851156953968,4
RUS_aug_24,2018-11-01,0.03279216130697133,5
RUS_aug_24,2018-12-01,0.047008841001805836,6
RUS_aug_25,2018-01-01,0.0012994060161435235,-5
RUS_aug_25,2018-02-01,0.027121450111692594,-4
RUS_aug_25,2018-03-01,0.051058781590888634,-3
RUS_aug_25,2018-04-01,0.041437357433377155,-2
RUS_aug_25,2018-05-01,0.04500534047463413,-1
RUS_aug_25,2018-06-01,0.04334535040322871,0
RUS_aug_25,2018-07-01,0.0625938196665264,1
RUS_aug_25,2018-08-01,0.04624100733008594,2
RUS_aug_25,2018-09-01,0.033256091727845195,3
RUS_aug_25,2018-10-01,0.018501658786065737,4
RUS_aug_25,2018-11-01,0.03210230890107147,5
RUS_aug_25,2018-12-01,0.04406381749778203,6
RUS_aug_26,2018-01-01,0.006350270764983138,-5
RUS_aug_26,2018-02-01,0.02754754449928335,-4
RUS_aug_26,2018-03-01,0.0474600659496093,-3
RUS_aug_26,2018-04-01,0.04360515242848485,-2
RUS_aug_26,2018-05-01,0.04286146352866534,-1
RUS_aug_26,2018-06-01,0.038304532981964005,0
RUS_aug_26,2018-07-01,0.062171014198762156,1
RUS_aug_26,2018-08-01,0.046290910757947945,2
RUS_aug_26,2018-09-01,0.036526572221686024,3
RUS_aug_26,2018-10-01,0.026576535580317914,4
RUS_aug_26,2018-11-01,0.03255532553866365,5
RUS_aug_26,2018-12-01,0.04489976897016667,6
RUS_aug_27,2018-01-01,0.0036358871000303707,-5
RUS_aug_27,2018-02-01,0.02728792741857601,-4
RUS_aug_27,2018-03-01,0.049770722909196805,-3
RUS_aug_27,2018-04-01,0.03749047040465853,-2
RUS_aug_27,2018-05-01,0.04247501561383404,-1
RUS_aug_27,2018-06-01,0.04195344942851575,0
RUS_aug_27,2018-07-01,0.061403819102332155,1
RUS_aug_27,2018-08-01,0.04930735293211078,2
RUS_aug_27,2018-09-01,0.03819779599929708,3
RUS_aug_27,2018-10-01,0.02672654533514783,4
RUS_aug_27,2018-11-01,0.030060531912605142,5
RUS_aug_27,2018-12-01,0.04377160993484609,6
RUS_aug_28,2018-01-01,0.007349641869155034,-5
RUS_aug_28,2018-02-01,0.027602084776573683,-4
RUS_aug_28,2018-03-01,0.05334021712082924,-3
RUS_aug_28,2018-04-01,0.05064855399637428,-2
RUS_aug_28,2018-05-01,0.047613282507848576,-1
RUS_aug_28,2018-06-01,0.04635213364995313,0
RUS_aug_28,2018-07-01,0.06576901299436907,1
RUS_aug_28,2018-08-01,0.04762953608727175,2
RUS_aug_28,2018-09-01,0.033180486672603815,3
RUS_aug_28,2018-10-01,0.02015937860425495,4
RUS_aug_28,2018-11-01,0.028382392270863317,5
RUS_aug_28,2018-12-01,0.04972787478424159,6
RUS_aug_29,2018-01-01,0.006797586809442218,-5
RUS_aug_29,2018-02-01,0.029441762697929176,-4
RUS_aug_29,2018-03-01,0.05369155891450414,-3
RUS_aug_29,2018-04-01,0.041217854562024765,-2
RUS_aug_29,2018-05-01,0.04278594073531602,-1
RUS_aug_29,2018-06-01,0.0437342134459438,0
RUS_aug_29,2018-07-01,0.06761667733826386,1
RUS_aug_29,2018-08-01,0.05153052828928118,2
RUS_aug_29,2018-09-01,0.04004268128800957,3
RUS_aug_29,2018-10-01,0.024331028843885966,4
RUS_aug_29,2018-11-01,0.03455768317355339,5
RUS_aug_29,2018-12-01,0.047374673690822225,6
RUS_aug_30,2018-01-01,0.004266955364746684,-5
RUS_aug_30,2018-02-01,0.029787307230040038,-4
RUS_aug_30,2018-03-01,0.04836295177562544,-3
RUS_aug_30,2018-04-01,0.042989454469761136,-2
RUS_aug_30,2018-05-01,0.04409484145659195,-1
RUS_aug_30,2018-06-01,0.0509522951301423,0
RUS_aug_30,2018-07-01,0.06676781072650385,1
RUS_aug_30,2018-08-01,0.04601067518380175,2
RUS_aug_30,2018-09-01,0.037373191838622755,3
RUS_aug_30,2018-10-01,0.024772247288994586,4
RUS_aug_30,2018-11-01,0.038208130964431465,5
RUS_aug_30,2018-12-01,0.04625205851115949,6
RUS_aug_31,2018-01-01,0.002738789502929078,-5
RUS_aug_31,2018-02-01,0.03147320320443185,-4
RUS_aug_31,2018-03-01,0.04800616695252775,-3
RUS_aug_31,2018-04-01,0.041454548122343046,-2
RUS_aug_31,2018-05-01,0.0442636747856613,-1
RUS_aug_31,2018-06-01,0.043784700870914885,0
RUS_aug_31,2018-07-01,0.06669202503694238,1
RUS_aug_31,2018-08-01,0.04798184077190274,2
RUS_aug_31,2018-09-01,0.037562629485926854,3
RUS_aug_31,2018-10-01,0.023351461459640333,4
RUS_aug_31,2018-11-01,0.03357841712886005,5
RUS_aug_31,2018-12-01,0.046801597577766786,6
